family_english,family_german,row,tag,english,german
Abomination,Abscheulichkeit,726,L_CRIT_RITUALABOMINATION,Ritual Abomination,Ritual-Abscheulichkeit
Abomination,Abscheulichkeit,727,L_CRIT_ABOMINATIONBRUTE,Abomination Brute,Abscheulicher Schläger
Abomination,Abscheulichkeit,728,L_CRIT_FLESHABOMINATION,Flesh Abomination,Fleisch-Abscheulichkeit
Abomination,Abscheulichkeit,729,L_CRIT_ABOMINATIONVOLATILE,Abomination Volatile,Flüchtige Abscheulichkeit
Abomination,Abscheulichkeit,730,L_CRIT_GOREABOMINATION,Gore Abomination,Grauenhafte Abscheulichkeit
Abomination,Abscheulichkeit,731,L_CRIT_WANDERINGABOMINATION,Wandering Abomination,Wandernde Abscheulichkeit
Abomination,Abscheulichkeit,850,L_CRIT_BILEABOMINATION,Bile Abomination,Gallen-Abscheulichkeit
Abomination,Abscheulichkeit,922,L_CRIT_CLOTHABOMINATION,Cloth Abomination,Stoffgräuel
Amaranth,Amaranth,262,L_CRIT_PLANETARYAMARANTH,Planetary Amaranth,Planetarer Amarant
Amaranth,Amaranth,263,L_CRIT_STARDUSTAMARANTH,Stardust Amaranth,Sternenstaub-Amarant
Amaranth,Amaranth,264,L_CRIT_NEXUSAMARANTH,Nexus Amaranth,Nexus Amaranth
Amaranth,Amaranth,265,L_CRIT_LOSTAMARANTH,Lost Amaranth,Verlorener Amaranth
Amaranth,Amaranth,266,L_CRIT_ENCLAVEAMARANTH,Enclave Amaranth,Enklave Amaranth
Amaranth,Amaranth,821,L_CRIT_RADIANTAMARANTH,Radiant Amaranth,Strahlender Amarant
Amaranth,Amaranth,945,L_CRIT_SOLARAMARANTH,Solar Amaranth,Solar Amaranth
Amphisbaena,Amphisbaena,968,L_CRIT_AMPHISBAENACHEF,Amphisbaena Chef,Amphisbaena-Koch
Amphisbaena,Amphisbaena,969,L_CRIT_AMPHISBAENAARBITRATOR,Amphisbaena Arbitrator,Amphisbaena-Schlichter
Amphisbaena,Amphisbaena,970,L_CRIT_AMPHISBAENAVACCINATOR,Amphisbaena Vaccinator,Amphisbaena-Impfer
Amphisbaena,Amphisbaena,971,L_CRIT_AMPHISBAENAGARDENER,Amphisbaena Gardener,Amphisbaena-Gärtner
Amphisbaena,Amphisbaena,972,L_CRIT_AMPHISBAENAINSPECTOR,Amphisbaena Inspector,Amphisbaena-Inspektor
Amphisbaena,Amphisbaena,973,L_CRIT_AMPHISBAENAPROSPECTOR,Amphisbaena Prospector,Amphisbaena-Prospektor
Angel,Engel,292,L_CRIT_FIREWOUNDANGEL,Firewound Angel,Feuerwunden-Engel
Angel,Engel,293,L_CRIT_ICEWOUNDANGEL,Icewound Angel,Eiswunden-Engel
Angel,Engel,294,L_CRIT_GOLDBLIGHTANGEL,Goldblight Angel,Goldpestengel
Angel,Engel,295,L_CRIT_IMPERIALANGEL,Imperial Angel,Kaiserlicher Engel
Angel,Engel,296,L_CRIT_ANGELSOULSLAYER,Angel Soulslayer,Engel Seelenschlächter
Angel,Engel,297,L_CRIT_DOOMBLIGHTANGEL,Doomblight Angel,Engel des Unheilslichts
Angel,Engel,769,L_CRIT_AEGISANGEL,Aegis Angel,Ägis-Engel
Angel,Engel,1156,L_CRIT_THUNDERWOUNDANGEL,Thunderwound Angel,Donnerwunden-Engel
Angel,Engel,1164,L_CRIT_ANGELBAT,Angel Bat,Engelsfledermaus
Animation,Animation,1373,L_CRIT_BRAINANIMATION,Brain Animation,Gehirnanimation
Animation,Animation,1374,L_CRIT_EARANIMATION,Ear Animation,Ohrenanimation
Animation,Animation,1375,L_CRIT_EYEANIMATION,Eye Animation,Augenanimation
Animation,Animation,1376,L_CRIT_FEETANIMATION,Feet Animation,Füße-Animation
Animation,Animation,1377,L_CRIT_HANDANIMATION,Hand Animation,Handanimation
Animation,Animation,1378,L_CRIT_LIPANIMATION,Lip Animation,Lippenanimation
Animatus,Animatus,1121,L_CRIT_ANIMATUS,Animatus,Animatus
Apis,Apis,529,L_CRIT_APISCHARGER,Apis Charger,Apis-Stürmer
Apis,Apis,530,L_CRIT_APISDEFENDER,Apis Defender,Apis-Verteidiger
Apis,Apis,531,L_CRIT_APISENDURER,Apis Endurer,Apis-Erdulder
Apis,Apis,533,L_CRIT_APISMAJESTY,Apis Majesty,Apis Majestät
Apis,Apis,534,L_CRIT_APISPROTECTOR,Apis Protector,Apis-Beschützer
Apis,Apis,772,L_CRIT_APISWARRIOR,Apis Warrior,Apis-Krieger
Apis,Apis,948,L_CRIT_APISADOLESCENT,Apis Adolescent,Apis-Heranwachsender
Apocalypse,Apokalypse,601,L_CRIT_AAXERAPOCALYPSE,Aaxer Apocalypse,Aaxer Apokalypse
Apocalypse,Apokalypse,602,L_CRIT_AGORAPOCALYPSE,Agor Apocalypse,Agor Apokalypse
Apocalypse,Apokalypse,603,L_CRIT_GORUMAPOCALYPSE,Gorum Apocalypse,Gorum Apokalypse
Apocalypse,Apokalypse,604,L_CRIT_INOXAPOCALYPSE,Inox Apocalypse,Inox-Apokalypse
Apocalypse,Apokalypse,605,L_CRIT_ZAROXAPOCALYPSE,Zarox Apocalypse,Zarox Apokalypse
Apocalypse,Apokalypse,858,L_CRIT_COROXAPOCALYPSE,Corox Apocalypse,Corox Apokalypse
Apocalypse,Apokalypse,1138,L_CRIT_ZZYIAAPOCALYPSE,Zzyia Apocalypse,Zzyia Apokalypse
Arachnalisk,Arachnalisk,677,L_CRIT_SPITTINGARACHNALISK,Spitting Arachnalisk,Spuckende Arachnaliske
Arachnalisk,Arachnalisk,678,L_CRIT_CANOPYARACHNALISK,Canopy Arachnalisk,Baldachin-Arachnalisk
Arachnalisk,Arachnalisk,679,L_CRIT_DRAGONLAIRARACHNALISK,Dragonlair Arachnalisk,Drachenhöhlen-Arachnalisk
Arachnalisk,Arachnalisk,680,L_CRIT_GOLIATHARACHNALISK,Goliath Arachnalisk,Goliath-Arachnalisk
Arachnalisk,Arachnalisk,681,L_CRIT_WOOLLYARACHNALISK,Woolly Arachnalisk,Wolliger Arachnalisk
Arachnalisk,Arachnalisk,682,L_CRIT_ANCIENTARACHNALISK,Ancient Arachnalisk,Uralter Arachnalisk
Arachnalisk,Arachnalisk,783,L_CRIT_CREEPINGARACHNALISK,Creeping Arachnalisk,Kriechende Arachnaliske
Arachnalisk,Arachnalisk,1166,L_CRIT_RAZORWEBARACHNALISK,Razorweb Arachnalisk,Klingennetz-Arachnalisk
Arbiter,Schlichter,1349,L_CRIT_LIVINGARBITER,Living Arbiter,Lebender Richter
Arbiter,Schlichter,1350,L_CRIT_FEELINGARBITER,Feeling Arbiter,Gefühlsrichter
Arbiter,Schlichter,1351,L_CRIT_THINKINGARBITER,Thinking Arbiter,Denkender Schlichter
Arbiter,Schlichter,1352,L_CRIT_BREATHINGARBITER,Breathing Arbiter,Atmender Schlichter
Arbiter,Schlichter,1353,L_CRIT_MOVINGARBITER,Moving Arbiter,Bewegender Schlichter
Arbiter,Schlichter,1354,L_CRIT_FINALARBITER,Final Arbiter,Letzter Richter
Aspect,Aspekt,268,L_CRIT_SPRINGTIMEASPECT,Springtime Aspect,Frühlingsaspekt
Aspect,Aspekt,269,L_CRIT_SUMMERASPECT,Summer Aspect,Sommer-Aspekt
Aspect,Aspekt,270,L_CRIT_AUTUMNASPECT,Autumn Aspect,Herbst-Aspekt
Aspect,Aspekt,271,L_CRIT_WINTERASPECT,Winter Aspect,Winteraspekt
Aspect,Aspekt,272,L_CRIT_ASPECTOFSEASONS,Aspect of Seasons,Aspekt der Jahreszeiten
Aspect,Aspekt,773,L_CRIT_ASPECTOFCHANGE,Aspect of Change,Aspekt der Veränderung
Aspect,Aspekt,774,L_CRIT_ASPECTOFTIME,Aspect of Time,Aspekt der Zeit
Aspect,Aspekt,1150,L_CRIT_ASPECTOFDECAY,Aspect of Decay,Aspekt der Fäulnis
Asura,Asura,624,L_CRIT_ASURABONEBREAKER,Asura Bonebreaker,Asura Knochenbrecherin
Asura,Asura,625,L_CRIT_ASURAGUTSLASHER,Asura Gutslasher,Asura Bauchaufschlitzer
Asura,Asura,626,L_CRIT_ASURABLOODDRINKER,Asura Blooddrinker,Asura Bluttrinker
Asura,Asura,627,L_CRIT_ASURAHEARTRIPPER,Asura Heartripper,Asura Herzreißer
Asura,Asura,628,L_CRIT_ASURASTRANGLER,Asura Strangler,Asura-Würger
Asura,Asura,629,L_CRIT_ASURAFLESHSTOMPER,Asura Fleshstomper,Asura Fleischstampfer
Automaton,Automat,974,L_CRIT_ARCANEAUTOMATON,Arcane Automaton,Arkaner Automat
Automaton,Automat,975,L_CRIT_CURSEDAUTOMATON,Cursed Automaton,Verfluchter Automat
Automaton,Automat,976,L_CRIT_DECREPITAUTOMATON,Decrepit Automaton,Verrotteter Automat
Automaton,Automat,977,L_CRIT_ANCIENTAUTOMATON,Ancient Automaton,Uralter Automat
Automaton,Automat,978,L_CRIT_LUXURYAUTOMATON,Luxury Automaton,Luxus-Automat
Automaton,Automat,979,L_CRIT_SIEGEAUTOMATON,Siege Automaton,Belagerungsautomat
Automaton,Automat,980,L_CRIT_WARAUTOMATON,War Automaton,Kriegsautomat
Banshee,Banshee,414,L_CRIT_ABYSSBANSHEE,Abyss Banshee,Abgrund-Banshee
Banshee,Banshee,415,L_CRIT_SAVAGEBANSHEE,Savage Banshee,Wilde Todesfee
Banshee,Banshee,416,L_CRIT_VALENTINEBANSHEE,Valentine Banshee,Valentins-Banshee
Banshee,Banshee,417,L_CRIT_ANGUISHBANSHEE,Anguish Banshee,Qualbanshee
Banshee,Banshee,418,L_CRIT_IMPALERBANSHEE,Impaler Banshee,Pfähler-Todesfee
Banshee,Banshee,419,L_CRIT_STYXBANSHEE,Styx Banshee,Styx Banshee
Banshee,Banshee,420,L_CRIT_DESTRUCTIONBANSHEE,Destruction Banshee,Zerstörungs-Banshee
Banshee,Banshee,824,L_CRIT_TORMENTEDBANSHEE,Tormented Banshee,Gequälte Banshee
Banshee,Banshee,1145,L_CRIT_PHOBOSBANSHEE,Phobos Banshee,Phobos Banshee
Bard,Barde,708,L_CRIT_BARDBALLADEER,Bard Balladeer,Barden-Balladensänger
Bard,Barde,709,L_CRIT_BARDJONGLEUR,Bard Jongleur,Bard Jongleur
Bard,Barde,710,L_CRIT_BARDMINSTREL,Bard Minstrel,Barde Minnesänger
Bard,Barde,711,L_CRIT_BARDPOET,Bard Poet,Barde Poet
Bard,Barde,712,L_CRIT_BARDTROVATORE,Bard Trovatore,Barde Trovatore
Bard,Barde,713,L_CRIT_BARDVERSIFIER,Bard Versifier,Barde Verseschmied
Bard,Barde,849,L_CRIT_BARDFOOL,Bard Fool,Narrenbarde
Bard,Barde,934,L_CRIT_BARDCAROLLER,Bard Caroller,Barden-Weihnachtssänger
Basilisk,Basilisk,756,L_CRIT_ETHEREALBASILISK,Ethereal Basilisk,Ätherischer Basilisk
Basilisk,Basilisk,757,L_CRIT_DORMANTBASILISK,Dormant Basilisk,Ruhender Basilisk
Basilisk,Basilisk,758,L_CRIT_LURKINGBASILISK,Lurking Basilisk,Lauernder Basilisk
Basilisk,Basilisk,759,L_CRIT_CRASHINGBASILISK,Crashing Basilisk,Stürmender Basilisk
Basilisk,Basilisk,760,L_CRIT_ROARINGBASILISK,Roaring Basilisk,Brüllender Basilisk
Basilisk,Basilisk,761,L_CRIT_STOMPINGBASILISK,Stomping Basilisk,Stampfender Basilisk
Basilisk,Basilisk,868,L_CRIT_SPITTINGBASILISK,Spitting Basilisk,Speiender Basilisk
Bat,Fledermaus,273,L_CRIT_CRYPTBAT,Crypt Bat,Kryptafledermaus
Bat,Fledermaus,274,L_CRIT_PULSEBAT,Pulse Bat,Pulsschläger
Bat,Fledermaus,275,L_CRIT_VAMPIREBAT,Vampire Bat,Vampirfledermaus
Bat,Fledermaus,276,L_CRIT_MUTATEDVAMPIREBAT,Mutated Vampire Bat,Mutierte Vampirfledermaus
Bat,Fledermaus,277,L_CRIT_MUTATEDPULSEBAT,Mutated Pulse Bat,Mutierte Pulsfledermaus
Bat,Fledermaus,278,L_CRIT_MUTATEDCRYPTBAT,Mutated Crypt Bat,Mutierte Kryptenfledermaus
Bat,Fledermaus,279,L_CRIT_DEATHBAT,Death Bat,Todesfledermaus
Bat,Fledermaus,831,L_CRIT_SLURPINGBAT,Slurping Bat,Schlürfende Fledermaus
Beacon,Leuchtfeuer,1421,L_CRIT_ATLASBEACON,Atlas Beacon,Atlas-Leuchtfeuer
Beacon,Leuchtfeuer,1422,L_CRIT_LUNABEACON,Luna Beacon,Luna-Leuchtfeuer
Beacon,Leuchtfeuer,1423,L_CRIT_LAPPETBEACON,Lappet Beacon,Lappet-Leuchtfeuer
Beacon,Leuchtfeuer,1424,L_CRIT_DEATHSHEADBEACON,Deathshead Beacon,Totenkopf-Leuchtfeuer
Beacon,Leuchtfeuer,1425,L_CRIT_PELLUCIDBEACON,Pellucid Beacon,Klarer Leuchtturm
Beacon,Leuchtfeuer,1426,L_CRIT_ROSYBEACON,Rosy Beacon,Rosiges Leuchtfeuer
Brownie,Brownie,328,L_CRIT_BROWNIEMAULER,Brownie Mauler,Brownie-Prügler
Brownie,Brownie,329,L_CRIT_BROWNIETRICKSTER,Brownie Trickster,Brownie-Trickser
Brownie,Brownie,330,L_CRIT_BROWNIECAPTAIN,Brownie Captain,Brownie-Kapitän
Brownie,Brownie,331,L_CRIT_BROWNIEENFORCER,Brownie Enforcer,Brownie-Vollstrecker
Brownie,Brownie,332,L_CRIT_BROWNIEBRUTE,Brownie Brute,Brownie-Schläger
Brownie,Brownie,779,L_CRIT_BROWNIELONER,Brownie Loner,Einsamer Brownie
Calumnier,Calumnier,1592,L_CRIT_CALUMNIERFOP,Calumnier Fop,Calumnier Fop
Calumnier,Calumnier,1593,L_CRIT_CALUMNIERDANDY,Calumnier Dandy,Calumnier Dandy
Calumnier,Calumnier,1594,L_CRIT_CALUMNIERSOCIALITE,Calumnier Socialite,Calumnier Gesellschaftsdame
Calumnier,Calumnier,1595,L_CRIT_CALUMNIERBETE,Calumnier Bete,Calumnier Bete
Calumnier,Calumnier,1596,L_CRIT_CALUMNIERBELLE,Calumnier Belle,Calumnier Belle
Calumnier,Calumnier,1597,L_CRIT_CALUMNIERPARTYCRASHER,Calumnier Partycrasher,Calumnier Partycrasher
Carbuncle,Karfunkel,1094,L_CRIT_AQUAMARINECARBUNCLE,Aquamarine Carbuncle,Aquamarin-Karfunkel
Carbuncle,Karfunkel,1095,L_CRIT_EMERALDCARBUNCLE,Emerald Carbuncle,Smaragd-Karfunkel
Carbuncle,Karfunkel,1096,L_CRIT_ONYXCARBUNCLE,Onyx Carbuncle,Onyx-Karfunkel
Carbuncle,Karfunkel,1097,L_CRIT_RUBYCARBUNCLE,Ruby Carbuncle,Rubin-Karfunkel
Carbuncle,Karfunkel,1098,L_CRIT_TOPAZCARBUNCLE,Topaz Carbuncle,Topas-Karfunkel
Carbuncle,Karfunkel,1099,L_CRIT_SAPPHIRECARBUNCLE,Sapphire Carbuncle,Saphir-Karfunkel
Carnage,Gemetzel,402,L_CRIT_FALLENCARNAGE,Fallen Carnage,Gefallenes Gemetzel
Carnage,Gemetzel,403,L_CRIT_ROTTENCARNAGE,Rotten Carnage,Faulige Metzelei
Carnage,Gemetzel,404,L_CRIT_SHADOWCARNAGE,Shadow Carnage,Schattengemetzel
Carnage,Gemetzel,405,L_CRIT_CARNAGEANTAGONIZER,Carnage Antagonizer,Carnage-Antagonist
Carnage,Gemetzel,406,L_CRIT_CARNAGETORMENTER,Carnage Tormenter,Schlachtentormentor
Carnage,Gemetzel,407,L_CRIT_CARNAGEDESTRUCTOR,Carnage Destructor,Vernichtungs-Destruktor
Carnage,Gemetzel,780,L_CRIT_CARNAGEDEVOURER,Carnage Devourer,Schlachtenfresser
Carver,Carver,244,L_CRIT_WICKEDCARVER,Wicked Carver,Teuflischer Schnitzer
Carver,Carver,245,L_CRIT_TWISTEDCARVER,Twisted Carver,Verdrehter Schnitzer
Carver,Carver,246,L_CRIT_DEMENTEDCARVER,Demented Carver,Wahnsinniger Schnitzer
Carver,Carver,247,L_CRIT_CARVERSADIST,Carver Sadist,Carver Sadist
Carver,Carver,248,L_CRIT_CARVERHEARTSEEKER,Carver Heartseeker,Carver Herzsucher
Carver,Carver,249,L_CRIT_CARVERSHADOWSTALKER,Carver Shadowstalker,Carver Schattenpirscher
Carver,Carver,781,L_CRIT_CARVERCHOPPER,Carver Chopper,Holzfäller-Hackmesser
Carver,Carver,1139,L_CRIT_FERALCARVER,Feral Carver,Wilder Schnitzer
Cataclysm,Kataklysmus,1524,L_CRIT_SKYCATACLYSM,Sky Cataclysm,Himmelskatastrophe
Cataclysm,Kataklysmus,1525,L_CRIT_VOLCANICCATACLYSM,Volcanic Cataclysm,Vulkanische Katastrophe
Cataclysm,Kataklysmus,1526,L_CRIT_OCEANICCATACLYSM,Oceanic Cataclysm,Ozeanische Katastrophe
Cataclysm,Kataklysmus,1527,L_CRIT_STORMCATACLYSM,Storm Cataclysm,Sturmkataklysmus
Cataclysm,Kataklysmus,1528,L_CRIT_TERRACATACLYSM,Terra Cataclysm,Terra Kataklysmus
Cataclysm,Kataklysmus,1529,L_CRIT_GLACIALCATACLYSM,Glacial Cataclysm,Glaziale Katastrophe
Cataclysm,Kataklysmus,1530,L_CRIT_PANDEMICCATACLYSM,Pandemic Cataclysm,Pandemische Katastrophe
Cataclysm,Kataklysmus,1531,L_CRIT_EXPLOSIVECATACLYSM,Explosive Cataclysm,Explosiver Kataklysmus
Cataclysm,Kataklysmus,1532,L_CRIT_ALMIGHTYCATACLYSM,Almighty Cataclysm,Allmächtiger Kataklysmus
Cataclysm,Kataklysmus,1533,L_CRIT_NUCLEARCATACLYSM,Nuclear Cataclysm,Nuklearer Kataklysmus
Cataclysm,Kataklysmus,1534,L_CRIT_COSMICCATACLYSM,Cosmic Cataclysm,Kosmische Katastrophe
Centaur,Zentaur,714,L_CRIT_CENTAURRANGER,Centaur Ranger,Zentauren-Waldläufer
Centaur,Zentaur,715,L_CRIT_CENTAURWARRIOR,Centaur Warrior,Zentaurenkrieger
Centaur,Zentaur,716,L_CRIT_CENTAURWRANGLER,Centaur Wrangler,Zentaurenbändiger
Centaur,Zentaur,717,L_CRIT_CENTAURRAIDER,Centaur Raider,Zentauren-Plünderer
Centaur,Zentaur,718,L_CRIT_CENTAURRUNNER,Centaur Runner,Zentaurenläufer
Centaur,Zentaur,719,L_CRIT_CENTAURCHASER,Centaur Chaser,Zentaurenjäger
Centaur,Zentaur,851,L_CRIT_CENTAURDUELIST,Centaur Duelist,Zentauren-Duellant
Centaur,Zentaur,1167,L_CRIT_CENTAURKHAN,Centaur Khan,Zentauren-Khan
Cerberus,Zerberus,618,L_CRIT_ASHMOUTHCERBERUS,Ashmouth Cerberus,Aschenmaul-Zerberus
Cerberus,Zerberus,619,L_CRIT_CAUSTICCERBERUS,Caustic Cerberus,Ätzender Zerberus
Cerberus,Zerberus,620,L_CRIT_CERBERUSBANELORD,Cerberus Banelord,Cerberus Bannherr
Cerberus,Zerberus,621,L_CRIT_CERBERUSGATEWATCHER,Cerberus Gatewatcher,Zerberus-Torwächter
Cerberus,Zerberus,622,L_CRIT_CERBERUSHELLGUARD,Cerberus Hellguard,Cerberus Höllenwächter
Cerberus,Zerberus,623,L_CRIT_LIGHTNINGCERBERUS,Lightning Cerberus,Blitz-Zerberus
Cerberus,Zerberus,778,L_CRIT_BOUNDCERBERUS,Bound Cerberus,Gefesselter Zerberus
Cherub,Cherub,1331,L_CRIT_BHASACHERUB,Bhasa Cherub,Bhasa Cherub
Cherub,Cherub,1332,L_CRIT_SURYACHERUB,Surya Cherub,Surya Cherub
Cherub,Cherub,1333,L_CRIT_PRETACHERUB,Preta Cherub,Preta Cherub
Cherub,Cherub,1334,L_CRIT_VIPINACHERUB,Vipina Cherub,Vipina Cherub
Cherub,Cherub,1335,L_CRIT_CHANDRACHERUB,Chandra Cherub,Chandra Cherub
Cherub,Cherub,1336,L_CRIT_NISHACHERUB,Nisha Cherub,Nisha Cherub
Chimera,Chimäre,1367,L_CRIT_VALORCHIMERA,Valor Chimera,Tapferkeits-Chimäre
Chimera,Chimäre,1368,L_CRIT_DRACOCHIMERA,Draco Chimera,Draco Chimera
Chimera,Chimäre,1369,L_CRIT_ARCANACHIMERA,Arcana Chimera,Arkane Chimäre
Chimera,Chimäre,1370,L_CRIT_BLESSEDCHIMERA,Blessed Chimera,Gesegnete Chimäre
Chimera,Chimäre,1371,L_CRIT_UNDYINGCHIMERA,Undying Chimera,Unsterbliche Chimäre
Chimera,Chimäre,1372,L_CRIT_WYLDERCHIMERA,Wylder Chimera,Wylder Chimäre
Clockwork,Uhrwerk,1343,L_CRIT_EXPERIMENTALCLOCKWORK,Experimental Clockwork,Experimentelles Uhrwerk
Clockwork,Uhrwerk,1344,L_CRIT_FOGHORNCLOCKWORK,Foghorn Clockwork,Nebelhorn-Uhrwerk
Clockwork,Uhrwerk,1345,L_CRIT_INDUSTRIALCLOCKWORK,Industrial Clockwork,Industrielles Uhrwerk
Clockwork,Uhrwerk,1346,L_CRIT_SIEGECLOCKWORK,Siege Clockwork,Belagerungsuhrwerk
Clockwork,Uhrwerk,1347,L_CRIT_BATTLECLOCKWORK,Battle Clockwork,Kampf-Uhrwerk
Clockwork,Uhrwerk,1348,L_CRIT_WARCLOCKWORK,War Clockwork,Kriegsuhrwerk
Clutcher,Greifer,219,L_CRIT_NECROTICCLUTCHER,Necrotic Clutcher,Nekrotischer Greifer
Clutcher,Greifer,220,L_CRIT_VITALCLUTCHER,Vital Clutcher,Vitaler Greifer
Clutcher,Greifer,221,L_CRIT_FLAMEGRIPCLUTCHER,Flamegrip Clutcher,Flammengriffsklammer
Clutcher,Greifer,222,L_CRIT_ETHEREALCLUTCHER,Ethereal Clutcher,Ätherischer Greifer
Clutcher,Greifer,223,L_CRIT_VENOMOUSCLUTCHER,Venomous Clutcher,Giftiger Greifer
Clutcher,Greifer,224,L_CRIT_DOOMCLUTCHER,Doom Clutcher,Unheilsgreifer
Clutcher,Greifer,835,L_CRIT_STATICCLUTCHER,Static Clutcher,Statischer Greifer
Clutcher,Greifer,846,L_CRIT_WHIPTAILCLUTCHER,Whiptail Clutcher,Peitschenschwanz-Greifer
Clutcher,Greifer,1152,L_CRIT_DEEPCLUTCHER,Deep Clutcher,Tiefer Greifer
Cockatrice,Cockatrice,981,L_CRIT_CAVECOCKATRICE,Cave Cockatrice,Höhlencockatrice
Cockatrice,Cockatrice,982,L_CRIT_COLDCOCKATRICE,Cold Cockatrice,Kalter Cockatrice
Cockatrice,Cockatrice,983,L_CRIT_CLAMOROUSCOCKATRICE,Clamorous Cockatrice,Lärmender Cockatrice
Cockatrice,Cockatrice,984,L_CRIT_CARRIONCOCKATRICE,Carrion Cockatrice,Aasgeier-Cockatrice
Cockatrice,Cockatrice,985,L_CRIT_CLAWINGCOCKATRICE,Clawing Cockatrice,Krallender Cockatrice
Cockatrice,Cockatrice,986,L_CRIT_CONTAGIOUSCOCKATRICE,Contagious Cockatrice,Ansteckender Cockatrice
Construct,Konstrukt,923,L_CRIT_SILVERBONECONSTRUCT,Silverbone Construct,Silberknochen-Konstrukt
Construct,Konstrukt,924,L_CRIT_SKYWATCHCONSTRUCT,Skywatch Construct,Himmelsblick-Konstrukt
Construct,Konstrukt,925,L_CRIT_TREEWALLCONSTRUCT,Treewall Construct,Baumwand-Konstrukt
Construct,Konstrukt,926,L_CRIT_WILLOWCONSTRUCT,Willow Construct,Weidengebilde
Construct,Konstrukt,927,L_CRIT_ASTROCONSTRUCT,Astro Construct,Astro-Konstrukt
Construct,Konstrukt,928,L_CRIT_BLOODMAILCONSTRUCT,Bloodmail Construct,Blutpanzer-Konstrukt
Construct,Konstrukt,929,L_CRIT_HEAVENSHIELDCONSTRUCT,Heavenshield Construct,Himmelsschildkonstrukt
Construct,Konstrukt,930,L_CRIT_MAGMACONSTRUCT,Magma Construct,Magmakonstrukt
Construct,Konstrukt,931,L_CRIT_NIGHTVEILCONSTRUCT,Nightveil Construct,Nachtschleier-Konstrukt
Construct,Konstrukt,932,L_CRIT_REDSTEELCONSTRUCT,Redsteel Construct,Rotstahlkonstrukt
Construct,Konstrukt,1235,L_CRIT_HEADOFLOSTCONSTRUCT,Head of Lost Construct,Kopf des verlorenen Konstrukts
Construct,Konstrukt,1236,L_CRIT_BODYOFLOSTCONSTRUCT,Body of Lost Construct,Körper des verlorenen Konstrukts
Construct,Konstrukt,1237,L_CRIT_ARMOFLOSTCONSTRUCT,Arm of Lost Construct,Arm des verlorenen Konstrukts
Construct,Konstrukt,1238,L_CRIT_ARMOFLOSTCONSTRUCT,Arm of Lost Construct,Arm des verlorenen Konstrukts
Construct,Konstrukt,1239,L_CRIT_SHOULDEROFLOSTCONSTRUCT,Shoulder of Lost Construct,Schulter des Verlorenen Konstrukts
Construct,Konstrukt,1240,L_CRIT_SHOULDEROFLOSTCONSTRUCT,Shoulder of Lost Construct,Schulter des Verlorenen Konstrukts
Cruncher,Knirscher,1106,L_CRIT_BLOODSTONECRUNCHER,Bloodstone Cruncher,Blutstein-Knirscher
Cruncher,Knirscher,1107,L_CRIT_ELDERCRUNCHER,Elder Cruncher,Älterer Knirscher
Cruncher,Knirscher,1108,L_CRIT_FROSTBITECRUNCHER,Frostbite Cruncher,Frostbiss-Knirscher
Cruncher,Knirscher,1109,L_CRIT_POSSESSEDCRUNCHER,Possessed Cruncher,Besessener Knirscher
Cruncher,Knirscher,1110,L_CRIT_JEWELCRUNCHER,Jewel Cruncher,Juwelenzerkleiner
Cruncher,Knirscher,1111,L_CRIT_PRISMATICCRUNCHER,Prismatic Cruncher,Prismatischer Knirscher
Crusader,Kreuzritter,546,L_CRIT_BLOODCRUSADER,Blood Crusader,Blutkreuzritter
Crusader,Kreuzritter,547,L_CRIT_DAWNCRUSADER,Dawn Crusader,Morgenkreuzritter
Crusader,Kreuzritter,548,L_CRIT_DUSKCRUSADER,Dusk Crusader,Dämmerungskreuzritter
Crusader,Kreuzritter,549,L_CRIT_HOLYCRUSADER,Holy Crusader,Heiliger Kreuzritter
Crusader,Kreuzritter,550,L_CRIT_MISTCRUSADER,Mist Crusader,Nebelkreuzritter
Crusader,Kreuzritter,551,L_CRIT_SUNCRUSADER,Sun Crusader,Sonnenkreuzritter
Crusader,Kreuzritter,810,L_CRIT_MOONCRUSADER,Moon Crusader,Mondkreuzritter
Crusader,Kreuzritter,1178,L_CRIT_HERETICCRUSADER,Heretic Crusader,Ketzerischer Kreuzritter
Denizen,Bewohner,1607,L_CRIT_ELEGANTDENIZEN,Elegant Denizen,Eleganter Bewohner
Denizen,Bewohner,1608,L_CRIT_PEARLESCENTDENIZEN,Pearlescent Denizen,Perlmuttfarbener Bewohner
Denizen,Bewohner,1609,L_CRIT_MELODICDENIZEN,Melodic Denizen,Melodischer Bewohner
Denizen,Bewohner,1610,L_CRIT_OPERATICDENIZEN,Operatic Denizen,Opernhafter Bewohner
Denizen,Bewohner,1611,L_CRIT_DENIZENGEMINI,Denizen Gemini,Bewohner Gemini
Denizen,Bewohner,1612,L_CRIT_TIPSYDENIZEN,Tipsy Denizen,Angetrunkener Bewohner
Devil,Teufel,322,L_CRIT_TWISTEDDEVIL,Twisted Devil,Verdrehter Teufel
Devil,Teufel,323,L_CRIT_CINDERDEVIL,Cinder Devil,Glutdämon
Devil,Teufel,324,L_CRIT_STONEDEVIL,Stone Devil,Steiniger Teufel
Devil,Teufel,325,L_CRIT_SKULLDEVIL,Skull Devil,Schädelteufel
Devil,Teufel,326,L_CRIT_DOOMDEVIL,Doom Devil,Unheilsteufel
Devil,Teufel,832,L_CRIT_SMOKEDEVIL,Smoke Devil,Rauchteufelin
Devil,Teufel,949,L_CRIT_BUNNYDEVIL,Bunny Devil,Hasenteufel
Djinn,Djinn,232,L_CRIT_DJINNPYROMANCER,Djinn Pyromancer,Djinn-Pyromant
Djinn,Djinn,233,L_CRIT_DJINNDREAMWEAVER,Djinn Dreamweaver,Djinn Traumweber
Djinn,Djinn,234,L_CRIT_DJINNILLUSIONIST,Djinn Illusionist,Djinn-Illusionist
Djinn,Djinn,235,L_CRIT_DJINNEVOKER,Djinn Evoker,Dschinn-Beschwörer
Djinn,Djinn,236,L_CRIT_DJINNARCANOMANCER,Djinn Arcanomancer,Djinn-Arkanomant
Djinn,Djinn,237,L_CRIT_DJINNGHULA,Djinn Ghula,Djinn Ghula
Djinn,Djinn,788,L_CRIT_VENGEFULDJINN,Vengeful Djinn,Rachsüchtiger Dschinn
Djinn,Djinn,841,L_CRIT_UNCHAINEDDJINN,Unchained Djinn,Entfesselte Dschinn
Dragon,Drache,306,L_CRIT_DRAGONSOLDIER,Dragon Soldier,Drachensoldat
Dragon,Drache,307,L_CRIT_DRAGONSENTINEL,Dragon Sentinel,Drachenwächter
Dragon,Drache,310,L_CRIT_DRAGONQUEEN,Dragon Queen,Drachenkönigin
Dragon,Drache,311,L_CRIT_DRAGONSCOUT,Dragon Scout,Drachenkundschafter
Dragon,Drache,837,L_CRIT_SUBAQUEOUSDRAGON,Subaqueous Dragon,Unterwasserdrache
Dragon,Drache,944,L_CRIT_FORTUNEDRAGON,Fortune Dragon,Glücksdrache
Dryad,Dryade,250,L_CRIT_DRYADRAINCALLER,Dryad Raincaller,Dryaden-Regenrufer
Dryad,Dryade,251,L_CRIT_DRYADNATURALIST,Dryad Naturalist,Dryaden-Naturkundlerin
Dryad,Dryade,252,L_CRIT_DRYADPROLIFERATOR,Dryad Proliferator,Dryaden-Vermehrer
Dryad,Dryade,253,L_CRIT_DRYADWARDEN,Dryad Warden,Dryaden-Wächter
Dryad,Dryade,254,L_CRIT_DRYADKEEPER,Dryad Keeper,Hüterin der Dryaden
Dryad,Dryade,255,L_CRIT_DRYADVINDICATOR,Dryad Vindicator,Dryaden-Rächerin
Dryad,Dryade,792,L_CRIT_DRYADSEDUCTRESS,Dryad Seductress,Dryaden-Verführerin
Dryad,Dryade,951,L_CRIT_DRYADSUNBATHER,Dryad Sunbather,Dryaden-Sonnenbaderin
Dumpling,Knödel,528,L_CRIT_DUMPLING,Dumpling,Knödel
Dumpling,Knödel,768,L_CRIT_VEGETABLEDUMPLING,Vegetable Dumpling,Gemüseteigtasche
Dumpling,Knödel,1134,L_CRIT_KINGDUMPLING,King Dumpling,König Knödel
Effigy,Abbild,1562,L_CRIT_CURSEDEFFIGY,Cursed Effigy,Verfluchtes Abbild
Effigy,Abbild,1563,L_CRIT_FALCONEREFFIGY,Falconer Effigy,Falkner-Bildnis
Effigy,Abbild,1564,L_CRIT_KNIGHTEFFIGY,Knight Effigy,Ritterbildnis
Effigy,Abbild,1565,L_CRIT_DANCINGEFFIGY,Dancing Effigy,Tanzende Effigie
Effigy,Abbild,1566,L_CRIT_NOBLEEFFIGY,Noble Effigy,Edles Abbild
Effigy,Abbild,1567,L_CRIT_HEALINGEFFIGY,Healing Effigy,Heilige Effigie
Efreet,Efreet,280,L_CRIT_WILDFIREEFREET,Wildfire Efreet,Wildfeuer-Ifrit
Efreet,Efreet,281,L_CRIT_VOLCANICEFREET,Volcanic Efreet,Vulkanischer Ifrit
Efreet,Efreet,282,L_CRIT_FROSTFIREEFREET,Frostfire Efreet,Frostfeuer-Ifrit
Efreet,Efreet,283,L_CRIT_OBSIDIANEFREET,Obsidian Efreet,Obsidian-Ifrit
Efreet,Efreet,284,L_CRIT_DREADFULEFREET,Dreadful Efreet,Schrecklicher Ifrit
Efreet,Efreet,285,L_CRIT_ASHBONEEFREET,Ashbone Efreet,Aschenknochen-Ifrit
Efreet,Efreet,791,L_CRIT_FLAMETONGUEEFREET,Flametongue Efreet,Flammenzungen-Ifrit
Eft,Eft,1040,L_CRIT_EFTHOWLER,Eft Howler,Eft-Heuler
Eft,Eft,1041,L_CRIT_EFTSTALKER,Eft Stalker,Eft-Jäger
Eft,Eft,1042,L_CRIT_EFTCLIMBER,Eft Climber,Eft-Kletterer
Eft,Eft,1043,L_CRIT_EFTELDER,Eft Elder,Eft-Ältester
Eft,Eft,1044,L_CRIT_BLOODYEFT,Bloody Eft,Blutiger Molch
Eft,Eft,1045,L_CRIT_EFTSCAVENGER,Eft Scavenger,Eft-Plünderer
Electropod,Elektropod,1247,L_CRIT_ELECTROPODSPIDER,Electropod Spider,Elektropod-Spinne
Electropod,Elektropod,1248,L_CRIT_ELECTROPODBEETLE,Electropod Beetle,Elektropod-Käfer
Electropod,Elektropod,1249,L_CRIT_ELECTROPODFLY,Electropod Fly,Elektropodfliege
Electropod,Elektropod,1250,L_CRIT_ELECTROPODANT,Electropod Ant,Elektropod-Ameise
Electropod,Elektropod,1251,L_CRIT_ELECTROPODMANTIS,Electropod Mantis,Elektropod-Mantis
Electropod,Elektropod,1252,L_CRIT_ELECTROPODSCORPION,Electropod Scorpion,Elektropoden-Skorpion
Elf,Elf,720,L_CRIT_ELFCLERIC,Elf Cleric,Elfen-Kleriker
Elf,Elf,721,L_CRIT_ELFMONK,Elf Monk,Elfen-Mönch
Elf,Elf,722,L_CRIT_ELFMYSTIC,Elf Mystic,Elfenmystiker
Elf,Elf,723,L_CRIT_ELFBARBARIAN,Elf Barbarian,Elfen-Barbar
Elf,Elf,724,L_CRIT_ELFHUNTSMAN,Elf Huntsman,Elfenjäger
Elf,Elf,725,L_CRIT_ELFROGUE,Elf Rogue,Elfen-Schurke
Elf,Elf,853,L_CRIT_ELFDRIFTER,Elf Drifter,Elfenwanderer
Elf,Elf,939,L_CRIT_JINGLEELF,Jingle Elf,Glöckchen-Elf
Elf,Elf,1168,L_CRIT_ELFBRAWLER,Elf Brawler,Elfen-Raufbold
Ent,Ent,166,L_CRIT_EBONYENT,Ebony Ent,Schwarzholz-Ent
Ent,Ent,167,L_CRIT_HEMLOCKENT,Hemlock Ent,Hemlock-Wesen
Ent,Ent,168,L_CRIT_ELDERENT,Elder Ent,Uralter Ent
Ent,Ent,169,L_CRIT_EFFLORESCENTENT,Efflorescent Ent,Blühender Ent
Ent,Ent,170,L_CRIT_ASHWOODENT,Ashwood Ent,Eschenholz-Ent
Ent,Ent,171,L_CRIT_TIMEWORNENT,Timeworn Ent,Uralter Ent
Ent,Ent,793,L_CRIT_ANCIENTENT,Ancient Ent,Uralter Ent
Ent,Ent,936,L_CRIT_EVERGREENENT,Evergreen Ent,Immergrün-Ent
Ent,Ent,1169,L_CRIT_ASPENENT,Aspen Ent,Aspen Ent
Fae,Fae,1299,L_CRIT_CHOSENOFTHEFAE,Chosen of the Fae,Auserwählter der Feen
Fae,Fae,1379,L_CRIT_ASCLEPIASFAE,Asclepias Fae,Asclepias-Fee
Fae,Fae,1380,L_CRIT_HELIANTHUSFAE,Helianthus Fae,Helianthus Fae
Fae,Fae,1381,L_CRIT_HYDRANGEAFAE,Hydrangea Fae,Hortensien-Fee
Fae,Fae,1382,L_CRIT_POLYGALAFAE,Polygala Fae,Polygala Fae
Fae,Fae,1383,L_CRIT_RHODODENDRONFAE,Rhododendron Fae,Rhododendron-Fee
Fae,Fae,1384,L_CRIT_ROSEAEAFAE,Roseaea Fae,Roseaea Fae
Familiar,Vertraut,683,L_CRIT_ELEMENTALFAMILIAR,Elemental Familiar,Elementarer Vertrauter
Familiar,Vertraut,684,L_CRIT_ARCANEFAMILIAR,Arcane Familiar,Arkaner Vertrauter
Familiar,Vertraut,685,L_CRIT_FLOODFAMILIAR,Flood Familiar,Wassergeist
Familiar,Vertraut,686,L_CRIT_JUDGEFAMILIAR,Judge Familiar,Richter-Vertrauter
Familiar,Vertraut,687,L_CRIT_MYSTICALFAMILIAR,Mystical Familiar,Mystischer Vertrauter
Familiar,Vertraut,688,L_CRIT_PALACEFAMILIAR,Palace Familiar,Palastvertrauter
Familiar,Vertraut,833,L_CRIT_SPECTRALFAMILIAR,Spectral Familiar,Spektraler Vertrauter
Fiend,Unhold,439,L_CRIT_BERSERKERFIEND,Berserker Fiend,Berserker-Unhold
Fiend,Unhold,440,L_CRIT_THRASHERFIEND,Thrasher Fiend,Drescher-Unhold
Fiend,Unhold,441,L_CRIT_MAULERFIEND,Mauler Fiend,Prügel-Unhold
Fiend,Unhold,442,L_CRIT_DESTROYERFIEND,Destroyer Fiend,Zerstörer-Unhold
Fiend,Unhold,443,L_CRIT_ANNIHILATORFIEND,Annihilator Fiend,Vernichtungs-Unhold
Fiend,Unhold,444,L_CRIT_FEROCIOUSFIEND,Ferocious Fiend,Wilder Unhold
Fiend,Unhold,785,L_CRIT_DECEPTIVEFIEND,Deceptive Fiend,Trügerischer Unhold
Forsaken,Verlassener,497,L_CRIT_FORSAKENSWAMPDWELLER,Forsaken Swampdweller,Verlassener Sumpfbewohner
Forsaken,Verlassener,498,L_CRIT_FORSAKENROTMONGERER,Forsaken Rotmongerer,Verlassener Fäulnisbringer
Forsaken,Verlassener,499,L_CRIT_FORSAKENSEACRAWLER,Forsaken Seacrawler,Verlassener Seekriechling
Forsaken,Verlassener,500,L_CRIT_FORSAKENBONESCRAPER,Forsaken Bonescraper,Verlassener Knochenschaber
Forsaken,Verlassener,501,L_CRIT_FORSAKENSCOURGEWALKER,Forsaken Scourgewalker,Verlassener Geißelwandler
Forsaken,Verlassener,502,L_CRIT_FORSAKENSPINEWHIPPER,Forsaken Spinewhipper,Verlassener Rückenpeitschender
Forsaken,Verlassener,812,L_CRIT_FORSAKENPLAGUEBEARER,Forsaken Plaguebearer,Verlassener Seuchenträger
Gargantuan,Gargantuan,689,L_CRIT_MONSTROUSGARGANTUAN,Monstrous Gargantuan,Monströser Gargantuan
Gargantuan,Gargantuan,690,L_CRIT_STURDYGARGANTUAN,Sturdy Gargantuan,Robuster Gargantuan
Gargantuan,Gargantuan,691,L_CRIT_SHACKLEDGARGANTUAN,Shackled Gargantuan,Gefesselter Gargantuan
Gargantuan,Gargantuan,692,L_CRIT_DAUNTINGGARGANTUAN,Daunting Gargantuan,Bedrohlicher Gargantuan
Gargantuan,Gargantuan,693,L_CRIT_FEARSOMEGARGANTUAN,Fearsome Gargantuan,Furchterregender Gargantuan
Gargantuan,Gargantuan,694,L_CRIT_FORESTGARGANTUAN,Forest Gargantuan,Wald-Gargantuan
Gargantuan,Gargantuan,826,L_CRIT_GRUESOMEGARGANTUAN,Gruesome Gargantuan,Grausiger Gargantuan
Gargantuan,Gargantuan,1170,L_CRIT_VOLCANICGARGANTUAN,Volcanic Gargantuan,Vulkanischer Gargantuan
Gargoyle,Gargoyle,396,L_CRIT_GORETONGUEGARGOYLE,Goretongue Gargoyle,Blutzungengargoyle
Gargoyle,Gargoyle,397,L_CRIT_DUSKTAILGARGOYLE,Dusktail Gargoyle,Dämmerungsschwanz-Gargoyle
Gargoyle,Gargoyle,398,L_CRIT_NIGHTWINGGARGOYLE,Nightwing Gargoyle,Nachtschwingen-Gargoyle
Gargoyle,Gargoyle,399,L_CRIT_BLOODFANGGARGOYLE,Bloodfang Gargoyle,Blutfang-Gargoyle
Gargoyle,Gargoyle,400,L_CRIT_SUNCLAWGARGOYLE,Sunclaw Gargoyle,Sonnenklauengargoyle
Gargoyle,Gargoyle,401,L_CRIT_DARKEYEGARGOYLE,Darkeye Gargoyle,Dunkelauge-Gargoyle
Gargoyle,Gargoyle,836,L_CRIT_STONEHORNGARGOYLE,Stonehorn Gargoyle,Steinhorn-Gargoyle
Gargoyle,Gargoyle,1180,L_CRIT_STEELHEARTGARGOYLE,Steelheart Gargoyle,Stahlherz-Gargoyle
Gemling,Edelsteinjüngling,1100,L_CRIT_CRYSTALDUNEGEMLING,Crystaldune Gemling,Kristalldünen-Edelsteinjüngling
Gemling,Edelsteinjüngling,1101,L_CRIT_ETERNALDEWGEMLING,Eternaldew Gemling,Ewigstau-Edelsteinjüngling
Gemling,Edelsteinjüngling,1102,L_CRIT_NIGHTVELVETGEMLING,Nightvelvet Gemling,Nachtsamt-Edelsteinjüngling
Gemling,Edelsteinjüngling,1103,L_CRIT_ROCKMOSSGEMLING,Rockmoss Gemling,Felsmoos-Edelsteinjüngling
Gemling,Edelsteinjüngling,1104,L_CRIT_STILLFIREGEMLING,Stillfire Gemling,Stillfeuer-Edelsteinjüngling
Gemling,Edelsteinjüngling,1105,L_CRIT_WHITESTARGEMLING,Whitestar Gemling,Weißstern-Edelsteinjüngling
Ghoul,Ghul,379,L_CRIT_DELIRIOUSGHOUL,Delirious Ghoul,Wahnsinniger Ghul
Ghoul,Ghul,380,L_CRIT_FRENZYGHOUL,Frenzy Ghoul,Rasender Ghul
Ghoul,Ghul,381,L_CRIT_HYSTERIAGHOUL,Hysteria Ghoul,Hysterie-Ghul
Ghoul,Ghul,382,L_CRIT_RAPTUROUSGHOUL,Rapturous Ghoul,Verzückter Ghul
Ghoul,Ghul,383,L_CRIT_MANIACALGHOUL,Maniacal Ghoul,Wahnsinniger Ghul
Ghoul,Ghul,794,L_CRIT_FESTERINGGHOUL,Festering Ghoul,Eiternder Ghul
Ghoul,Ghul,1155,L_CRIT_GHOULRINGLEADER,Ghoul Ringleader,Ghulführer
Giant,Riese,515,L_CRIT_SANDGIANT,Sand Giant,Sandriese
Giant,Riese,516,L_CRIT_STONEGIANT,Stone Giant,Steinriese
Giant,Riese,517,L_CRIT_WALLGIANT,Wall Giant,Wandriese
Giant,Riese,518,L_CRIT_TOWERGIANT,Tower Giant,Turmriese
Giant,Riese,519,L_CRIT_COSMICGIANT,Cosmic Giant,Kosmischer Riese
Giant,Riese,520,L_CRIT_COLOSSALGIANT,Colossal Giant,Kolossaler Riese
Giant,Riese,521,L_CRIT_GIANTMANGLER,Giant Mangler,Riesenzerfleischer
Giant,Riese,813,L_CRIT_MYSTICALGIANT,Mystical Giant,Mystischer Riese
Giant,Riese,940,L_CRIT_JOLLYOLDGIANT,Jolly Old Giant,Fröhlicher Alter Riese
Giant,Riese,1143,L_CRIT_WARGIANT,War Giant,Kriegsriese
Golem,Golem,312,L_CRIT_GRANITEGOLEM,Granite Golem,Granitgolem
Golem,Golem,313,L_CRIT_IRONGOLEM,Iron Golem,Eisengolem
Golem,Golem,314,L_CRIT_MAGMAGOLEM,Magma Golem,Magma-Golem
Golem,Golem,315,L_CRIT_REGALGOLEM,Regal Golem,Königlicher Golem
Golem,Golem,316,L_CRIT_MOSSGOLEM,Moss Golem,Moosgolem
Golem,Golem,317,L_CRIT_GOLDGOLEM,Gold Golem,Goldgolem
Golem,Golem,318,L_CRIT_HAUNTEDGOLEM,Haunted Golem,Verfluchter Golem
Golem,Golem,319,L_CRIT_NIGHTMAREGOLEM,Nightmare Golem,Albtraum-Golem
Golem,Golem,321,L_CRIT_WARGOLEM,War Golem,Kriegsgolem
Golem,Golem,365,L_CRIT_TREASUREGOLEM,Treasure Golem,Schatzgolem
Golem,Golem,811,L_CRIT_MUDGOLEM,Mud Golem,Schlammgolem
Gorgon,Gorgone,648,L_CRIT_DERANGEDGORGON,Deranged Gorgon,Wahnsinnige Gorgone
Gorgon,Gorgone,649,L_CRIT_GORGONGAZER,Gorgon Gazer,Gorgonen-Blick
Gorgon,Gorgone,650,L_CRIT_GORGONSORCERESS,Gorgon Sorceress,Gorgonen-Zauberin
Gorgon,Gorgone,651,L_CRIT_GORGONWITCH,Gorgon Witch,Gorgonen-Hexe
Gorgon,Gorgone,653,L_CRIT_UNHINGEDGORGON,Unhinged Gorgon,Entfesselte Gorgone
Gorgon,Gorgone,797,L_CRIT_GORGONTRICKSTER,Gorgon Trickster,Gorgonen-Trickser
Gorgon,Gorgone,1493,L_CRIT_EYEOFTHEGORGON,Eye of the Gorgon,Auge der Gorgone
Griffon,Greif,552,L_CRIT_GRIFFONDIVEBOMBER,Griffon Divebomber,Greifendurchbrecher
Griffon,Greif,553,L_CRIT_ASSAULTGRIFFON,Assault Griffon,Angriffs-Greif
Griffon,Greif,554,L_CRIT_GRIFFONDREAMFINDER,Griffon Dreamfinder,Greif Traumfinder
Griffon,Greif,555,L_CRIT_GRIFFONSCREECHER,Griffon Screecher,Greifenkreischer
Griffon,Greif,556,L_CRIT_RAZORFOOTGRIFFON,Razorfoot Griffon,Klingenklauen-Greif
Griffon,Greif,557,L_CRIT_SILVERCLAWGRIFFON,Silverclaw Griffon,Silberklauen-Greif
Griffon,Greif,799,L_CRIT_GRIFFONARCHER,Griffon Archer,Greifenbogenschütze
Griffon,Greif,1158,L_CRIT_GRIFFONVETERAN,Griffon Veteran,Greifenveteran
Grimoire,Grimoire,612,L_CRIT_RUNICGRIMOIRE,Runic Grimoire,Runisches Grimoire
Grimoire,Grimoire,613,L_CRIT_FORBIDDENGRIMOIRE,Forbidden Grimoire,Verbotenes Grimoire
Grimoire,Grimoire,614,L_CRIT_NECROGRIMOIRE,Necro Grimoire,Nekromanten-Grimoire
Grimoire,Grimoire,615,L_CRIT_ELDRITCHGRIMOIRE,Eldritch Grimoire,Uraltes Grimoire
Grimoire,Grimoire,616,L_CRIT_ANCIENTGRIMOIRE,Ancient Grimoire,Uraltes Zauberbuch
Grimoire,Grimoire,617,L_CRIT_FADEDGRIMOIRE,Faded Grimoire,Verblasstes Grimoire
Grimoire,Grimoire,801,L_CRIT_HIDDENGRIMOIRE,Hidden Grimoire,Verborgenes Grimoire
Grimoire,Grimoire,917,L_CRIT_PYROGRIMOIRE,Pyro Grimoire,Pyro-Grimoire
Guardian,Wächter,308,L_CRIT_DRAGONGUARDIAN,Dragon Guardian,Drachenwächter
Guardian,Wächter,408,L_CRIT_PILWIZGUARDIAN,Pilwiz Guardian,Pilwiz-Wächter
Guardian,Wächter,532,L_CRIT_APISGUARDIAN,Apis Guardian,Apis-Wächter
Guardian,Wächter,702,L_CRIT_WASPIDGUARDIAN,Waspid Guardian,Wespiden-Wächter
Guardian,Wächter,733,L_CRIT_NIXGUARDIAN,Nix Guardian,Nix-Wächter
Guardian,Wächter,751,L_CRIT_STAGGUARDIAN,Stag Guardian,Hirschbeschützer
Guardian,Wächter,822,L_CRIT_RAVENGUARDIAN,Raven Guardian,Rabenbewahrer
Guardian,Wächter,1057,L_CRIT_SATYRGUARDIAN,Satyr Guardian,Satyr-Wächter
Guardian,Wächter,1484,L_CRIT_BENTHICGUARDIAN,Benthic Guardian,Wächter der Tiefsee
Harpy,Harpyie,183,L_CRIT_HARPYEYEGOUGER,Harpy Eyegouger,Harpyien-Augenstecher
Harpy,Harpyie,184,L_CRIT_HARPYSCREAMER,Harpy Screamer,Harpyien-Kreischer
Harpy,Harpyie,185,L_CRIT_HARPYPILLAGER,Harpy Pillager,Harpyien-Plünderer
Harpy,Harpyie,186,L_CRIT_HARPYTORTURER,Harpy Torturer,Harpyien-Folterer
Harpy,Harpyie,187,L_CRIT_HARPYHAG,Harpy Hag,Harpyenhexe
Harpy,Harpyie,188,L_CRIT_HARPYQUEEN,Harpy Queen,Harpyienkönigin
Harpy,Harpyie,800,L_CRIT_HARPYMARAUDER,Harpy Marauder,Harpyien-Marodeur
Harpy,Harpyie,1154,L_CRIT_MALICEHARPY,Malice Harpy,Boshafte Harpyie
Hemomancer,Blutmagier,1028,L_CRIT_HEMOMANCERLORD,Hemomancer Lord,Blutmagier-Fürst
Hemomancer,Blutmagier,1029,L_CRIT_MUTANTHEMOMANCER,Mutant Hemomancer,Mutierter Blutmagier
Hemomancer,Blutmagier,1030,L_CRIT_LUNARHEMOMANCER,Lunar Hemomancer,Mond-Blutmagier
Hemomancer,Blutmagier,1031,L_CRIT_HEMOMANCERDEVOURER,Hemomancer Devourer,Blutmagier-Verschlinger
Hemomancer,Blutmagier,1032,L_CRIT_HEMOMANCERDONOR,Hemomancer Donor,Blutmagier-Spender
Hemomancer,Blutmagier,1033,L_CRIT_HEMOMANCERSEER,Hemomancer Seer,Blutmagier-Seher
Herbling,Kräuterling,1136,L_CRIT_HERBLING,Herbling,Kräuterling
Hound,Hund,454,L_CRIT_TERRORHOUND,Terror Hound,Schreckensjäger
Hound,Hund,455,L_CRIT_DREADHOUND,Dread Hound,Schreckenshund
Hound,Hund,456,L_CRIT_PANICHOUND,Panic Hound,Panik-Hund
Hound,Hund,457,L_CRIT_BLOODHOUND,Blood Hound,Bluthund
Hound,Hund,458,L_CRIT_HORRORHOUND,Horror Hound,Grusel-Hund
Hound,Hund,459,L_CRIT_HELLHOUND,Hell Hound,Höllenhund
Hound,Hund,460,L_CRIT_BONEHOUND,Bone Hound,Knochenhund
Hunter,Jäger,467,L_CRIT_SERVANTHUNTER,Servant Hunter,Dienerjaeger
Hunter,Jäger,468,L_CRIT_LIGHTHUNTER,Light Hunter,Lichtjäger
Hunter,Jäger,469,L_CRIT_MOONHUNTER,Moon Hunter,Mondjäger
Hunter,Jäger,470,L_CRIT_FAITHHUNTER,Faith Hunter,Faith Hunter
Hunter,Jäger,471,L_CRIT_HUNTERDIRECTOR,Hunter Director,Jägerdirektor
Hunter,Jäger,472,L_CRIT_HERETICHUNTER,Heretic Hunter,Ketzerjaeger
Hunter,Jäger,802,L_CRIT_HUNTERSCOUT,Hunter Scout,Jägerspäher
Hunter,Jäger,828,L_CRIT_SILENTHUNTER,Silent Hunter,Stiller Jäger
Imler,Imler,503,L_CRIT_SANDSTONEIMLER,Sandstone Imler,Sandstein-Imler
Imler,Imler,504,L_CRIT_REDSTONEIMLER,Redstone Imler,Redstone Imler
Imler,Imler,505,L_CRIT_BOULDERIMLER,Boulder Imler,Boulder Imler
Imler,Imler,506,L_CRIT_IRONIMLER,Iron Imler,Eisen-Imler
Imler,Imler,507,L_CRIT_SILVERIMLER,Silver Imler,Silberner Imler
Imler,Imler,508,L_CRIT_MITHRILIMLER,Mithril Imler,Mithril Imler
Imler,Imler,807,L_CRIT_MARBLEIMLER,Marble Imler,Marmor-Imler
Imler,Imler,919,L_CRIT_TRICKIMLER,Trick Imler,Trick Imler
Imling,Imling,509,L_CRIT_VARVEIMLING,Varve Imling,Varve Imling
Imling,Imling,510,L_CRIT_LEDAIMLING,Leda Imling,Leda Imling
Imling,Imling,511,L_CRIT_TAINTEDIMLING,Tainted Imling,Befleckter Imling
Imling,Imling,512,L_CRIT_PUTRIDIMLING,Putrid Imling,Fauliger Imling
Imling,Imling,513,L_CRIT_RANCIDIMLING,Rancid Imling,Fauliger Imling
Imling,Imling,514,L_CRIT_DIAMONDIMLING,Diamond Imling,Diamant-Imling
Imling,Imling,867,L_CRIT_ROCKIMLING,Rock Imling,Fels-Imling
Imling,Imling,918,L_CRIT_TREATIMLING,Treat Imling,Treat-Imling
Imp,Kobold,189,L_CRIT_IMPHEXER,Imp Hexer,Kobold-Hexer
Imp,Kobold,190,L_CRIT_IMPSACRIFICER,Imp Sacrificer,Imp-Opferer
Imp,Kobold,191,L_CRIT_IMPSHAMAN,Imp Shaman,Koboldschamane
Imp,Kobold,192,L_CRIT_IMPINSCRIBER,Imp Inscriber,Kobold-Schreiber
Imp,Kobold,193,L_CRIT_IMPRITUALIST,Imp Ritualist,Imp-Ritualist
Imp,Kobold,194,L_CRIT_IMPNECROMANCER,Imp Necromancer,Kobold-Nekromant
Imp,Kobold,875,L_CRIT_IMPINCARNATE,Imp Incarnate,Inkarnierter Imp
Imp,Kobold,1165,L_CRIT_IMPBISHOP,Imp Bishop,Imp-Bischof
Inquisitor,Inquisitor,1046,L_CRIT_INQUISITOREGGLAYER,Inquisitor Egglayer,Inquisitor Eierleger
Inquisitor,Inquisitor,1047,L_CRIT_CARNIVOROUSINQUISITOR,Carnivorous Inquisitor,Fleischfressender Inquisitor
Inquisitor,Inquisitor,1048,L_CRIT_WATCHFULINQUISITOR,Watchful Inquisitor,Wachsamer Inquisitor
Inquisitor,Inquisitor,1049,L_CRIT_INQUISITORWEAVER,Inquisitor Weaver,Inquisitor Weaver
Inquisitor,Inquisitor,1050,L_CRIT_INFERNALINQUISITOR,Infernal Inquisitor,Höllischer Inquisitor
Inquisitor,Inquisitor,1051,L_CRIT_INQUISITORCOUNTESS,Inquisitor Countess,Inquisitorin Gräfin
Koloss,Koloss,1058,L_CRIT_KOLOSSFIREBRAND,Koloss Firebrand,Koloss Feuerbrand
Koloss,Koloss,1059,L_CRIT_NIGHTKOLOSS,Night Koloss,Nacht-Koloss
Koloss,Koloss,1060,L_CRIT_KOLOSSDOOMBRINGER,Koloss Doombringer,Koloss Unheilsbringer
Koloss,Koloss,1061,L_CRIT_KOLOSSERADICATOR,Koloss Eradicator,Koloss-Vernichter
Koloss,Koloss,1062,L_CRIT_BESTIALKOLOSS,Bestial Koloss,Bestialischer Koloss
Koloss,Koloss,1063,L_CRIT_KOLOSSCHAMPION,Koloss Champion,Koloss-Champion
Kraken,Kraken,1409,L_CRIT_INKJETKRAKEN,Inkjet Kraken,Tintenstrahltintenfisch
Kraken,Kraken,1410,L_CRIT_KRAKENSHIPBREAKER,Kraken Shipbreaker,Kraken-Schiffbrecher
Kraken,Kraken,1411,L_CRIT_UNBLINKINGKRAKEN,Unblinking Kraken,Unermüdlicher Kraken
Kraken,Kraken,1412,L_CRIT_IRONSIDEKRAKEN,Ironside Kraken,Eisenseiten-Kraken
Kraken,Kraken,1413,L_CRIT_KRAKENHUNDREDHAND,Kraken Hundredhand,Kraken Hunderthand
Kraken,Kraken,1414,L_CRIT_ABYSSALKRAKEN,Abyssal Kraken,Abgrundkraken
Leech,Aussauger,1022,L_CRIT_OCULUMLEECH,Oculum Leech,Augenegel
Leech,Aussauger,1023,L_CRIT_OOZINGLEECH,Oozing Leech,Triefender Blutegel
Leech,Aussauger,1024,L_CRIT_LEECHDIGGER,Leech Digger,Blutsauger-Gräber
Leech,Aussauger,1025,L_CRIT_LEECHDEVOURER,Leech Devourer,Blutegel-Verschlinger
Leech,Aussauger,1026,L_CRIT_TOXICLEECH,Toxic Leech,Giftblutegel
Leech,Aussauger,1027,L_CRIT_MOONLEECH,Moon Leech,Mondegel
Leper,Aussätziger,540,L_CRIT_CRAZEDLEPER,Crazed Leper,Wahnsinniger Aussätziger
Leper,Aussätziger,541,L_CRIT_LEPERBLIGHTBRINGER,Leper Blightbringer,Aussätziger Seuchenbringer
Leper,Aussätziger,542,L_CRIT_LEPERDEFILER,Leper Defiler,Aussätziger Schänder
Leper,Aussätziger,543,L_CRIT_LEPERPLAGUESPREADER,Leper Plaguespreader,Aussätziger Seuchenverbreiter
Leper,Aussätziger,544,L_CRIT_BLOODLEPER,Blood Leper,Blutaussätziger
Leper,Aussätziger,545,L_CRIT_TORTUREDLEPER,Tortured Leper,Gequälter Aussätziger
Leper,Aussätziger,776,L_CRIT_ADDLEDLEPER,Addled Leper,Verwirrter Aussätziger
Leper,Aussätziger,798,L_CRIT_GRAVELEPER,Grave Leper,Grabaussätziger
Lich,Lich,287,L_CRIT_LICHSHADOWCASTER,Lich Shadowcaster,Lich-Schattenwirker
Lich,Lich,288,L_CRIT_LICHHELLCASTER,Lich Hellcaster,Lich-Höllenbeschwörer
Lich,Lich,289,L_CRIT_LICHOVERSEER,Lich Overseer,Lich-Aufseher
Lich,Lich,290,L_CRIT_LICHBLOODLETTER,Lich Bloodletter,Lich-Blutvergießer
Lich,Lich,291,L_CRIT_LICHKING,Lich King,Lichkönig
Lich,Lich,855,L_CRIT_LICHNECROMANCER,Lich Necromancer,Lich-Nekromant
Lich,Lich,1177,L_CRIT_LICHNETHERWALKER,Lich Netherwalker,Lich Netherwalker
Lucanian,Lucanian,1574,L_CRIT_LUCANIANARCHUNTER,Lucanian Archunter,Lucanian Erzjäger
Lucanian,Lucanian,1575,L_CRIT_LUCANIANSOULBINDER,Lucanian Soulbinder,Lukanischer Seelenbinder
Lucanian,Lucanian,1576,L_CRIT_LUCANIANILLUMINATOR,Lucanian Illuminator,Lukanischer Illuminator
Lucanian,Lucanian,1577,L_CRIT_LUCANIANARMIGER,Lucanian Armiger,Lukanischer Waffenmeister
Lucanian,Lucanian,1578,L_CRIT_LUCANIANWINDRIDER,Lucanian Windrider,Lukanischer Windreiter
Lucanian,Lucanian,1579,L_CRIT_LUCANIANASPECTAL,Lucanian Aspectal,Lukianischer Aspekt
Luckmantria,Luckmantria,1355,L_CRIT_CLUBLUCKMANTRIA,Club Luckmantria,Club Luckmantria
Luckmantria,Luckmantria,1356,L_CRIT_DIAMONDLUCKMANTRIA,Diamond Luckmantria,Diamant-Glücksmantria
Luckmantria,Luckmantria,1357,L_CRIT_HEARTLUCKMANTRIA,Heart Luckmantria,Herz-Glücksmantis
Luckmantria,Luckmantria,1358,L_CRIT_SPADELUCKMANTRIA,Spade Luckmantria,Spade Luckmantria
Luckmantria,Luckmantria,1359,L_CRIT_ACELUCKMANTRIA,Ace Luckmantria,Ass-Glücksfalter
Luckmantria,Luckmantria,1360,L_CRIT_JOKERLUCKMANTRIA,Joker Luckmantria,Joker Luckmantria
Maniac,Wahnsinniger,1082,L_CRIT_MANIACMUTANT,Maniac Mutant,Wahnsinniger Mutant
Maniac,Wahnsinniger,1083,L_CRIT_MANIACHUNTSMAN,Maniac Huntsman,Wahnsinniger Jäger
Maniac,Wahnsinniger,1084,L_CRIT_MANIACWARRIOR,Maniac Warrior,Wahnsinniger Krieger
Maniac,Wahnsinniger,1085,L_CRIT_MANIACCHIEF,Maniac Chief,Wahnsinnshäuptling
Maniac,Wahnsinniger,1086,L_CRIT_ARMOREDMANIAC,Armored Maniac,Gepanzerter Wahnsinniger
Maniac,Wahnsinniger,1087,L_CRIT_MANIACBUILDER,Maniac Builder,Wahnsinniger Baumeister
Manticore,Mantikor,642,L_CRIT_MANTICORECONQUEROR,Manticore Conqueror,Mantikor-Bezwinger
Manticore,Mantikor,643,L_CRIT_FLAILINGMANTICORE,Flailing Manticore,Tobender Mantikor
Manticore,Mantikor,644,L_CRIT_CRIMSONMANTICORE,Crimson Manticore,Purpurroter Mantikor
Manticore,Mantikor,645,L_CRIT_MANTICOREDECIMATOR,Manticore Decimator,Mantikor-Dezimierer
Manticore,Mantikor,646,L_CRIT_SAWBACKMANTICORE,Sawback Manticore,Sägerücken-Mantikor
Manticore,Mantikor,647,L_CRIT_PROWLINGMANTICORE,Prowling Manticore,Lauernder Mantikor
Manticore,Mantikor,1140,L_CRIT_SABERTOOTHMANTICORE,Sabertooth Manticore,Säbelzahn-Mantikor
Marionette,Marionette,1598,L_CRIT_MARIONETTEBALLERINA,Marionette Ballerina,Marionetten-Ballerina
Marionette,Marionette,1599,L_CRIT_MARIONETTECHARLATAN,Marionette Charlatan,Marionetten-Scharlatan
Marionette,Marionette,1600,L_CRIT_MARIONETTEDEMOISELLE,Marionette Demoiselle,Marionette Demoiselle
Marionette,Marionette,1601,L_CRIT_MARIONETTEHYPNOTIST,Marionette Hypnotist,Marionetten-Hypnotiseur
Marionette,Marionette,1602,L_CRIT_MARIONETTEMEDIUM,Marionette Medium,Marionetten-Medium
Marionette,Marionette,1603,L_CRIT_MARIONETTEPRIMADONNA,Marionette Primadonna,Marionette Primadonna
Marionette,Marionette,1604,L_CRIT_MARIONETTEHARLEQUIN,Marionette Harlequin,Marionette Harlekin
Marionette,Marionette,1605,L_CRIT_MARIONETTEVIRTUOSO,Marionette Virtuoso,Marionetten-Virtuose
Marionette,Marionette,1606,L_CRIT_MARIONETTEEVANGELIST,Marionette Evangelist,Marionetten-Evangelist
Masochist,Masochist,666,L_CRIT_MASOCHISTWITCH,Masochist Witch,Masochistische Hexe
Masochist,Masochist,667,L_CRIT_LURIDMASOCHIST,Lurid Masochist,Lüsterner Masochist
Masochist,Masochist,668,L_CRIT_MACABREMASOCHIST,Macabre Masochist,Makabrer Masochist
Masochist,Masochist,669,L_CRIT_MASOCHISTANGLER,Masochist Angler,Masochistischer Angler
Masochist,Masochist,670,L_CRIT_SANGUINEMASOCHIST,Sanguine Masochist,Blutrünstiger Masochist
Masochist,Masochist,671,L_CRIT_FAVOREDMASOCHIST,Favored Masochist,Bevorzugter Masochist
Masochist,Masochist,1144,L_CRIT_MASOCHISTFREAK,Masochist Freak,Masochistischer Freak
Mimic,Mimik,231,L_CRIT_MIMIC,Mimic,Mimik
Mimic,Mimik,938,L_CRIT_GIFTMIMIC,Gift Mimic,Geschenk-Mimik
Minotaur,Minotaurus,201,L_CRIT_MINOTAURWARRIOR,Minotaur Warrior,Minotauren-Krieger
Minotaur,Minotaurus,202,L_CRIT_MINOTAUREARTHSHAKER,Minotaur Earthshaker,Minotaur Erderschütterer
Minotaur,Minotaurus,203,L_CRIT_MINOTAURSKULLCRUSHER,Minotaur Skullcrusher,Minotaur-Schädelbrecher
Minotaur,Minotaurus,204,L_CRIT_MINOTAURBATTLEMASTER,Minotaur Battlemaster,Minotauren-Kampfmeister
Minotaur,Minotaurus,205,L_CRIT_MINOTAURJUGGERNAUT,Minotaur Juggernaut,Minotauren-Koloss
Minotaur,Minotaurus,206,L_CRIT_MINOTAURBEHEMOTH,Minotaur Behemoth,Minotauren-Behemoth
Minotaur,Minotaurus,808,L_CRIT_MINOTAURLANCER,Minotaur Lancer,Minotauren-Lanzenträger
Mireling,Mireling,1535,L_CRIT_MIRELINGSTRIKER,Mireling Striker,Mireling-Streicher
Mireling,Mireling,1536,L_CRIT_MIRELINGCORRUPTOR,Mireling Corruptor,Mireling-Verderber
Mireling,Mireling,1537,L_CRIT_MIRELINGARBITRATOR,Mireling Arbitrator,Mireling-Schlichter
Mireling,Mireling,1538,L_CRIT_MIRELINGDARTFROG,Mireling Dart Frog,Mireling-Pfeilgiftfrosch
Mireling,Mireling,1539,L_CRIT_MIRELINGSPELLSCATTERER,Mireling Spellscatterer,Mireling Zauberstreuer
Mite,Milbe,384,L_CRIT_MITEGRAVEDIGGER,Mite Gravedigger,Milben-Totengräber
Mite,Milbe,385,L_CRIT_MITEINTERLOPER,Mite Interloper,Milben-Eindringling
Mite,Milbe,386,L_CRIT_MITEINVADER,Mite Invader,Milbeninvasor
Mite,Milbe,387,L_CRIT_MITEPLAGUESPREADER,Mite Plaguespreader,Milben-Seuchenbringer
Mite,Milbe,388,L_CRIT_MITESKIRMISHER,Mite Skirmisher,Milben-Scharmützler
Mite,Milbe,389,L_CRIT_MITEWEBWEAVER,Mite Webweaver,Milben-Webweber
Mite,Milbe,809,L_CRIT_MITEPARALYZER,Mite Paralyzer,Milbenparalysierer
Mogwai,Mogwai,959,L_CRIT_MOGWAI,Mogwai,Mogwai
Mummy,Mumie,213,L_CRIT_GIMPMUMMY,Gimp Mummy,Lahme Mumie
Mummy,Mumie,214,L_CRIT_SCOURGEMUMMY,Scourge Mummy,Geißelmumie
Mummy,Mumie,215,L_CRIT_CREEPMUMMY,Creep Mummy,Grusel-Mumie
Mummy,Mumie,216,L_CRIT_DOOMMUMMY,Doom Mummy,Verdammnismumie
Mummy,Mumie,217,L_CRIT_NIGHTMAREMUMMY,Nightmare Mummy,Albtraum-Mumie
Mummy,Mumie,218,L_CRIT_MUMMYLORD,Mummy Lord,Mumienfürst
Mummy,Mumie,838,L_CRIT_SWARMMUMMY,Swarm Mummy,Schwarmumie
Mythicant,Mythicant,1433,L_CRIT_MYTHICANTPOPULI,Mythicant Populi,Mythicant Populi
Mythicant,Mythicant,1434,L_CRIT_MYTHICANTSOLIS,Mythicant Solis,Mythicant Solis
Mythicant,Mythicant,1435,L_CRIT_MYTHICANTCALTI,Mythicant Calti,Mythicant Calti
Mythicant,Mythicant,1436,L_CRIT_MYTHICANTPALMIRA,Mythicant Palmira,Mythicant Palmira
Mythicant,Mythicant,1437,L_CRIT_MYTHICANTPRYDERIS,Mythicant Pryderis,Mythicant Pryderis
Mythicant,Mythicant,1438,L_CRIT_MYTHICANTERDHE,Mythicant Erdhe,Mythicant Erdhe
Mythicant,Mythicant,1463,L_CRIT_MYTHICANTCHROMIS,Mythicant Chromis,Mythicant Chromis
Nephilim,Nephilim,1403,L_CRIT_NEPHILIMSHIELDBEARER,Nephilim Shieldbearer,Nephilim-Schildträger
Nephilim,Nephilim,1404,L_CRIT_NEPHILIMLORD,Nephilim Lord,Nephilim-Fürst
Nephilim,Nephilim,1405,L_CRIT_NEPHILIMSORCERER,Nephilim Sorcerer,Nephilim-Zauberer
Nephilim,Nephilim,1406,L_CRIT_NEPHILIMSKIRMISHER,Nephilim Skirmisher,Nephilim-Plänkler
Nephilim,Nephilim,1407,L_CRIT_NEPHILIMCLERIC,Nephilim Cleric,Nephilim-Kleriker
Nephilim,Nephilim,1408,L_CRIT_NEPHILIMSCION,Nephilim Scion,Nephilim-Spross
Nihilist,Nihilist,1241,L_CRIT_NIHILISTENDER,Nihilist Ender,Nihilistischer Ender
Nihilist,Nihilist,1242,L_CRIT_NIHILISTPARALYZER,Nihilist Paralyzer,Nihilistischer Lähmer
Nihilist,Nihilist,1243,L_CRIT_NIHILISTPROTECTOR,Nihilist Protector,Nihilistischer Beschützer
Nihilist,Nihilist,1244,L_CRIT_NIHILISTSEALER,Nihilist Sealer,Nihilistischer Versiegler
Nihilist,Nihilist,1245,L_CRIT_NIHILISTSEEKER,Nihilist Seeker,Nihilistischer Sucher
Nihilist,Nihilist,1246,L_CRIT_NIHILISTSUMMONER,Nihilist Summoner,Nihilistischer Beschwörer
Nix,Nix,732,L_CRIT_NIXCREEPER,Nix Creeper,Nix Schleicher
Nix,Nix,734,L_CRIT_NIXIMPOSTER,Nix Imposter,Nix-Betrüger
Nix,Nix,735,L_CRIT_NIXINFORMER,Nix Informer,Nix-Informant
Nix,Nix,736,L_CRIT_NIXSCOUNDREL,Nix Scoundrel,Nix Gauner
Nix,Nix,737,L_CRIT_NIXSHADOWJUMPER,Nix Shadowjumper,Nix Schattenspringer
Nix,Nix,864,L_CRIT_NIXBACKSTABBER,Nix Backstabber,Nix der Meuchler
Nix,Nix,1146,L_CRIT_NIXEXILE,Nix Exile,Nix Exil
Occultist,Okkultist,298,L_CRIT_SPIDEROCCULTIST,Spider Occultist,Spinnen-Okkultist
Occultist,Okkultist,299,L_CRIT_VIPEROCCULTIST,Viper Occultist,Vipern-Okkultist
Occultist,Okkultist,300,L_CRIT_RAPTOROCCULTIST,Raptor Occultist,Raptor-Okkultist
Occultist,Okkultist,301,L_CRIT_DISCIPLEOCCULTIST,Disciple Occultist,Okkultist-Jünger
Occultist,Okkultist,302,L_CRIT_ZEALOTOCCULTIST,Zealot Occultist,Fanatischer Okkultist
Occultist,Okkultist,303,L_CRIT_MIRAGEOCCULTIST,Mirage Occultist,Illusionsmagier
Occultist,Okkultist,304,L_CRIT_DELUSIONOCCULTIST,Delusion Occultist,Wahnhafter Okkultist
Occultist,Okkultist,305,L_CRIT_OCCULTISTSPELLBINDER,Occultist Spellbinder,Okkultist Zauberbinder
Occultist,Okkultist,782,L_CRIT_CELESTIALOCCULTIST,Celestial Occultist,Himmlischer Okkultist
Ophan,Ophan,558,L_CRIT_NARKLINOPHAN,Narklin Ophan,Narklin Ophan
Ophan,Ophan,559,L_CRIT_BURHUAOPHAN,Burhua Ophan,Burhua Ophan
Ophan,Ophan,560,L_CRIT_ENIMOPHAN,Enim Ophan,Enim Ophan
Ophan,Ophan,561,L_CRIT_GEYLIANOPHAN,Geylian Ophan,Geylian Ophan
Ophan,Ophan,562,L_CRIT_IRANTHAOPHAN,Irantha Ophan,Irantha Ophan
Ophan,Ophan,563,L_CRIT_MITIDAOPHAN,Mitida Ophan,Mitida Ophan
Ophan,Ophan,860,L_CRIT_MALUHOPHAN,Maluh Ophan,Maluh Ophan
Ossein,Ossein,1034,L_CRIT_DUSKOSSEIN,Dusk Ossein,Dämmerungs-Gebein
Ossein,Ossein,1035,L_CRIT_IGNEOUSOSSEIN,Igneous Ossein,Feuriges Gebein
Ossein,Ossein,1036,L_CRIT_BLOODYOSSEIN,Bloody Ossein,Blutiger Ossein
Ossein,Ossein,1037,L_CRIT_AUGMENTEDOSSEIN,Augmented Ossein,Verstärktes Knochengewebe
Ossein,Ossein,1038,L_CRIT_SCOURGEOSSEIN,Scourge Ossein,Geißel-Gebein
Ossein,Ossein,1039,L_CRIT_OSSEINDEFENDER,Ossein Defender,Knochenschild-Verteidiger
Paragon,Paragon,172,L_CRIT_DIAMONDPARAGON,Diamond Paragon,Diamant-Paragon
Paragon,Paragon,173,L_CRIT_EMERALDPARAGON,Emerald Paragon,Smaragd-Paragon
Paragon,Paragon,174,L_CRIT_RUBYPARAGON,Ruby Paragon,Rubin-Paragon
Paragon,Paragon,175,L_CRIT_SAPPHIREPARAGON,Sapphire Paragon,Saphir-Paragon
Paragon,Paragon,176,L_CRIT_TOPAZPARAGON,Topaz Paragon,Topas-Paragon
Paragon,Paragon,770,L_CRIT_AMETHYSTPARAGON,Amethyst Paragon,Amethyst-Paragon
Paragon,Paragon,814,L_CRIT_OPALPARAGON,Opal Paragon,Opal-Paragon
Paragon,Paragon,950,L_CRIT_CHOCOLATEPARAGON,Chocolate Paragon,Schokoladen-Paragon
Paragon,Paragon,1159,L_CRIT_BISMUTHPARAGON,Bismuth Paragon,Bismuth-Paragon
Phoenix,Phönix,225,L_CRIT_VOLATILEPHOENIX,Volatile Phoenix,Flüchtiger Phönix
Phoenix,Phönix,226,L_CRIT_THUNDERSTRUCKPHOENIX,Thunderstruck Phoenix,Donnergetroffener Phönix
Phoenix,Phönix,227,L_CRIT_FROSTPHOENIX,Frost Phoenix,Frostphönix
Phoenix,Phönix,228,L_CRIT_ROYALPHOENIX,Royal Phoenix,Königlicher Phönix
Phoenix,Phönix,229,L_CRIT_CORRUPTEDPHOENIX,Corrupted Phoenix,Verderbter Phönix
Phoenix,Phönix,230,L_CRIT_ANCESTRALPHOENIX,Ancestral Phoenix,Phönix der Ahnen
Phoenix,Phönix,839,L_CRIT_TRANSCENDEDPHOENIX,Transcended Phoenix,Transzendenter Phönix
Phoenix,Phönix,1160,L_CRIT_DIVINEPHOENIX,Divine Phoenix,Göttlicher Phönix
Pilwiz,Pilwiz,378,L_CRIT_PILWIZPEASANT,Pilwiz Peasant,Pilwiz-Bauer
Pilwiz,Pilwiz,409,L_CRIT_PILWIZSLASHER,Pilwiz Slasher,Pilwiz-Schlitzer
Pilwiz,Pilwiz,410,L_CRIT_ARCANEPILWIZ,Arcane Pilwiz,Arkaner Pilwiz
Pilwiz,Pilwiz,411,L_CRIT_FLAMEHOOKPILWIZ,Flamehook Pilwiz,Flammenhaken-Pilwiz
Pilwiz,Pilwiz,412,L_CRIT_DARKSCYTHEPILWIZ,Darkscythe Pilwiz,Dunkelsensenmagier Pilwiz
Pilwiz,Pilwiz,413,L_CRIT_STEAMPOWEREDPILWIZ,Steampowered Pilwiz,Dampfbetriebener Pilwiz
Pilwiz,Pilwiz,816,L_CRIT_PILWIZHARVESTER,Pilwiz Harvester,Pilwiz-Ernter
Pilwiz,Pilwiz,817,L_CRIT_PILWIZHERBALIST,Pilwiz Herbalist,Pilwiz-Kräuterkundiger
Pit Worm,Grubenwurm,421,L_CRIT_PITWORMTUNNELER,Pit Worm Tunneler,Grubenwurm-Tunnelgräber
Pit Worm,Grubenwurm,422,L_CRIT_SPITTINGPITWORM,Spitting Pit Worm,Spuckender Grubenwurm
Pit Worm,Grubenwurm,423,L_CRIT_PITWORMGLADIATOR,Pit Worm Gladiator,Grubenwurm-Gladiator
Pit Worm,Grubenwurm,424,L_CRIT_ACCURSEDPITWORM,Accursed Pit Worm,Verfluchter Grubenwurm
Pit Worm,Grubenwurm,425,L_CRIT_PITWORMHARBINGER,Pit Worm Harbinger,Grubenwurm-Vorbote
Pit Worm,Grubenwurm,426,L_CRIT_VICIOUSPITWORM,Vicious Pit Worm,Bösartiger Grubenwurm
Pit Worm,Grubenwurm,805,L_CRIT_LURKINGPITWORM,Lurking Pit Worm,Lauernder Grubenwurm
Pit Worm,Grubenwurm,1147,L_CRIT_MARINEPITWORM,Marine Pit Worm,Mariner Grubenwurm
Pit Wraith,Grubengeist,433,L_CRIT_PITWRAITHREDEEMER,Pit Wraith Redeemer,Grubenwraith-Erlöser
Pit Wraith,Grubengeist,434,L_CRIT_PITWRAITHDOMINATOR,Pit Wraith Dominator,Grubengeist-Dominator
Pit Wraith,Grubengeist,435,L_CRIT_PITWRAITHLIBERATOR,Pit Wraith Liberator,Grubengeist-Befreier
Pit Wraith,Grubengeist,436,L_CRIT_PITWRAITHLORD,Pit Wraith Lord,Grubengeistfürst
Pit Wraith,Grubengeist,437,L_CRIT_PITWRAITHOVERMIND,Pit Wraith Overmind,Grubengeist-Übergeist
Pit Wraith,Grubengeist,438,L_CRIT_PITWRAITHOBLITERATOR,Pit Wraith Obliterator,Grubengeist-Vernichter
Pit Wraith,Grubengeist,818,L_CRIT_PITWRAITHTORMENTER,Pit Wraith Tormenter,Grubengeist-Peiniger
Priest,Priester,286,L_CRIT_LICHPRIEST,Lich Priest,Lichpriester
Priest,Priester,489,L_CRIT_FIREPRIEST,Fire Priest,Feuerpriester
Priest,Priester,490,L_CRIT_WATERPRIEST,Water Priest,Wasserpriester
Priest,Priester,491,L_CRIT_FORESTPRIEST,Forest Priest,Waldpriester
Priest,Priester,492,L_CRIT_MOUNTAINPRIEST,Mountain Priest,Bergpriester
Priest,Priester,493,L_CRIT_WARPRIEST,War Priest,Kriegspriester
Priest,Priester,494,L_CRIT_DESERTPRIEST,Desert Priest,Wüstenpriester
Priest,Priester,495,L_CRIT_PRIESTOFLIGHT,Priest of Light,Priester des Lichts
Priest,Priester,496,L_CRIT_PRIESTOFRADIANCE,Priest of Radiance,Priester der Strahlkraft
Priest,Priester,786,L_CRIT_PRIESTVIZIER,Priest Vizier,Priester-Wesir
Purrghast,Purrghast,960,L_CRIT_PURRGHAST,Purrghast,Purrghast
Raven,Rabe,256,L_CRIT_RAVENACOLYTE,Raven Acolyte,Rabenakkolyt
Raven,Rabe,257,L_CRIT_RAVENDEFILER,Raven Defiler,Rabenverderber
Raven,Rabe,258,L_CRIT_RAVENRITUALIST,Raven Ritualist,Rabenritualist
Raven,Rabe,259,L_CRIT_RAVENBATMASTER,Raven Batmaster,Raben-Fledermausmeister
Raven,Rabe,260,L_CRIT_RAVENBLOODMAGE,Raven Bloodmage,Raben-Blutmagier
Raven,Rabe,261,L_CRIT_RAVENLORD,Raven Lord,Rabenherr
Raven,Rabe,1174,L_CRIT_RAVENSEER,Raven Seer,Rabenseher
Reaper,Sensenmann,177,L_CRIT_BLOODREAPER,Blood Reaper,Blutschnitter
Reaper,Sensenmann,178,L_CRIT_BONEREAPER,Bone Reaper,Knochenschnitter
Reaper,Sensenmann,179,L_CRIT_SOULREAPER,Soul Reaper,Seelenernter
Reaper,Sensenmann,180,L_CRIT_SHADOWREAPER,Shadow Reaper,Schattenernter
Reaper,Sensenmann,181,L_CRIT_CURSEDREAPER,Cursed Reaper,Verfluchter Schnitter
Reaper,Sensenmann,182,L_CRIT_INCURSIONREAPER,Incursion Reaper,Eindringungs-Schnitter
Reaper,Sensenmann,819,L_CRIT_PLAGUEREAPER,Plague Reaper,Seuchenschnitter
Reaper,Sensenmann,1148,L_CRIT_TECHREAPER,Tech Reaper,Tech Sensenmann
Revenant,Wiedergänger,309,L_CRIT_DRAGONREVENANT,Dragon Revenant,Drachen-Wiedergänger
Revenant,Wiedergänger,578,L_CRIT_REVENANTCABALIST,Revenant Cabalist,Wiedergänger-Kabalist
Revenant,Wiedergänger,579,L_CRIT_REVENANTCAPTAIN,Revenant Captain,Hauptmann der Wiedergänger
Revenant,Wiedergänger,580,L_CRIT_REVENANTHORROR,Revenant Horror,Wiedergänger-Schrecken
Revenant,Wiedergänger,581,L_CRIT_REVENANTKING,Revenant King,Wiedergänger-König
Revenant,Wiedergänger,582,L_CRIT_REVENANTSEALORD,Revenant Sealord,Wiedergänger-Siegelherr
Revenant,Wiedergänger,583,L_CRIT_REVENANTSOLDIER,Revenant Soldier,Wiedergänger-Soldat
Revenant,Wiedergänger,823,L_CRIT_REVENANTDAGON,Revenant Dagon,Wiedergänger Dagon
Revenant,Wiedergänger,943,L_CRIT_ASCENDANTREVENANT,Ascendant Revenant,Aufgestiegener Wiedergänger
Rift Dancer,Rift Dancer-Dimensionsläufer,535,L_CRIT_AENRIFTDANCER,Aen Rift Dancer,Aen-Dimensionsläufer
Rift Dancer,Rift Dancer-Dimensionsläufer,536,L_CRIT_AERUMRIFTDANCER,Aerum Rift Dancer,Aerum-Dimensionsläufer
Rift Dancer,Rift Dancer-Dimensionsläufer,537,L_CRIT_INAERRIFTDANCER,Inaer Rift Dancer,Inaer-Dimensionsläufer
Rift Dancer,Rift Dancer-Dimensionsläufer,538,L_CRIT_NADINRIFTDANCER,Nadin Rift Dancer,Nadin-Dimensionsläufer
Rift Dancer,Rift Dancer-Dimensionsläufer,539,L_CRIT_RAMUNRIFTDANCER,Ramun Rift Dancer,Ramun-Dimensionsläufer
Rift Dancer,Rift Dancer-Dimensionsläufer,1161,L_CRIT_NAXRIFTDANCER,Nax Rift Dancer,Nax-Dimensionsläufer
Salamander,Salamander,762,L_CRIT_FIRESALAMANDER,Fire Salamander,Feuersalamander
Salamander,Salamander,763,L_CRIT_THUNDERSALAMANDER,Thunder Salamander,Donnersalamander
Salamander,Salamander,764,L_CRIT_WATERSALAMANDER,Water Salamander,Wassersalamander
Salamander,Salamander,765,L_CRIT_WINDSALAMANDER,Wind Salamander,Windsalamander
Salamander,Salamander,766,L_CRIT_ICESALAMANDER,Ice Salamander,Eissalamander
Salamander,Salamander,767,L_CRIT_EARTHSALAMANDER,Earth Salamander,Erdsalamander
Salamander,Salamander,852,L_CRIT_CHAOSSALAMANDER,Chaos Salamander,Chaos-Salamander
Sanctus,Sanctus,571,L_CRIT_HUMANITASSANCTUS,Humanitas Sanctus,Humanitas Sanctus
Sanctus,Sanctus,572,L_CRIT_HUMILITASSANCTUS,Humilitas Sanctus,Heilige Demut
Sanctus,Sanctus,573,L_CRIT_CARITASSANCTUS,Caritas Sanctus,Caritas Sanctus
Sanctus,Sanctus,574,L_CRIT_CASTITASSANCTUS,Castitas Sanctus,Castitas Sanctus
Sanctus,Sanctus,575,L_CRIT_MAGNIFICUSSANCTUS,Magnificus Sanctus,Magnificus Sanctus
Sanctus,Sanctus,576,L_CRIT_TEMPERANTIASSANCTUS,Temperantias Sanctus,Temperantias Sanctus
Sanctus,Sanctus,577,L_CRIT_PATIENTIASSANCTUS,Patientias Sanctus,Patientias Sanctus
Sanctus,Sanctus,803,L_CRIT_INDUSTRIASSANCTUS,Industrias Sanctus,Industrias Sanctus
Satyr,Satyr,1052,L_CRIT_EXILEDSATYR,Exiled Satyr,Verbannter Satyr
Satyr,Satyr,1053,L_CRIT_SPRYSATYR,Spry Satyr,Flinker Satyr
Satyr,Satyr,1054,L_CRIT_SATYRRAMMER,Satyr Rammer,Satyr-Rammbock
Satyr,Satyr,1055,L_CRIT_SATYRDOMINATOR,Satyr Dominator,Satyr-Dominator
Satyr,Satyr,1056,L_CRIT_SATYRSQUIRE,Satyr Squire,Satyr-Knappe
Seraph,Seraph,590,L_CRIT_NERALIMSERAPH,Neralim Seraph,Neralim Seraph
Seraph,Seraph,591,L_CRIT_ANDOLINSERAPH,Andolin Seraph,Andolin Seraph
Seraph,Seraph,592,L_CRIT_UNDOLIMSERAPH,Undolim Seraph,Undolim Seraph
Seraph,Seraph,593,L_CRIT_VANELINSERAPH,Vanelin Seraph,Vanelin Seraph
Seraph,Seraph,594,L_CRIT_SIRALIMSERAPH,Siralim Seraph,Siralim Seraph
Seraph,Seraph,862,L_CRIT_NEXSERAPH,Nex Seraph,Nex Seraph
Seraph,Seraph,1162,L_CRIT_KAITOSERAPH,Kaito Seraph,Kaito Seraph
Shade,Schatten,660,L_CRIT_DUNGEONSHADE,Dungeon Shade,Kerker-Schatten
Shade,Schatten,661,L_CRIT_EVERNIGHTSHADE,Evernight Shade,Schattendunkel
Shade,Schatten,662,L_CRIT_HOARSHADE,Hoar Shade,Reifschatten
Shade,Schatten,663,L_CRIT_GATEWAYSHADE,Gateway Shade,Torweg-Schatten
Shade,Schatten,664,L_CRIT_DRIFTINGSHADE,Drifting Shade,Treibender Schatten
Shade,Schatten,665,L_CRIT_WHISPERINGSHADE,Whispering Shade,Flüsternder Schatten
Shade,Schatten,842,L_CRIT_WANDERINGSHADE,Wandering Shade,Wandernder Schatten
Shade,Schatten,920,L_CRIT_SPOOKYSHADE,Spooky Shade,Gruseliger Schatten
Shadow,Schatten,1004,L_CRIT_SHADOWZEALOT,Shadow Zealot,Schatteneiferer
Shadow,Schatten,1005,L_CRIT_SHADOWMOTH,Shadow Moth,Schattenmotte
Shadow,Schatten,1006,L_CRIT_SHADOWCOBRA,Shadow Cobra,Schattenkobra
Shadow,Schatten,1007,L_CRIT_SHADOWWOLF,Shadow Wolf,Schattenwolf
Shadow,Schatten,1008,L_CRIT_SHADOWDEMON,Shadow Demon,Schattendämon
Shadow,Schatten,1009,L_CRIT_SHADOWJUGGERNAUT,Shadow Juggernaut,Schatten-Gigant
Shapeshifter,Gestaltwandler,207,L_CRIT_LIFESHAPESHIFTER,Life Shapeshifter,Lebensgestaltwandler
Shapeshifter,Gestaltwandler,208,L_CRIT_DEATHSHAPESHIFTER,Death Shapeshifter,Todes-Gestaltwandler
Shapeshifter,Gestaltwandler,209,L_CRIT_CHAOSSHAPESHIFTER,Chaos Shapeshifter,Chaos-Gestaltwandler
Shapeshifter,Gestaltwandler,210,L_CRIT_SORCERYSHAPESHIFTER,Sorcery Shapeshifter,Zauberei-Gestaltwandler
Shapeshifter,Gestaltwandler,211,L_CRIT_NATURESHAPESHIFTER,Nature Shapeshifter,Naturgestaltwandler
Shapeshifter,Gestaltwandler,212,L_CRIT_MASTERSHAPESHIFTER,Master Shapeshifter,Meister-Gestaltwandler
Shapeshifter,Gestaltwandler,827,L_CRIT_SHAPESHIFTERNOVICE,Shapeshifter Novice,Gestaltwandler-Novize
Shapeshifter,Gestaltwandler,1175,L_CRIT_UNSTABLESHAPESHIFTER,Unstable Shapeshifter,Instabiler Gestaltwandler
Sin,Sünde,564,L_CRIT_IRASIN,Ira Sin,Ira Sin
Sin,Sünde,565,L_CRIT_SUPERBIASIN,Superbia Sin,Superbia-Sünde
Sin,Sünde,566,L_CRIT_ACEDIASIN,Acedia Sin,Acedia-Sünde
Sin,Sünde,567,L_CRIT_AVARITIASIN,Avaritia Sin,Avaritia-Sünde
Sin,Sünde,568,L_CRIT_GULASIN,Gula Sin,Gula Sin
Sin,Sünde,569,L_CRIT_INVIDIASIN,Invidia Sin,Invidia-Sünde
Sin,Sünde,570,L_CRIT_LUXURIASIN,Luxuria Sin,Luxuria Sünde
Sin,Sünde,873,L_CRIT_DOLORSIN,Dolor Sin,Schmerzensünde
Siren,Sirene,195,L_CRIT_SIRENPURIFIER,Siren Purifier,Sirenen-Läuterer
Siren,Sirene,196,L_CRIT_SIRENCOERCER,Siren Coercer,Sirenen-Bezwinger
Siren,Sirene,197,L_CRIT_SIRENSOOTHSAYER,Siren Soothsayer,Sirenen-Wahrsagerin
Siren,Sirene,198,L_CRIT_SIRENBEGUILER,Siren Beguiler,Sirenen-Betörer
Siren,Sirene,199,L_CRIT_SIRENASCENDANT,Siren Ascendant,Sirene der Auferstehung
Siren,Sirene,200,L_CRIT_SIRENORACLE,Siren Oracle,Sirenen-Orakel
Siren,Sirene,829,L_CRIT_SIRENLIFETAKER,Siren Lifetaker,Sirene Lebensnehmerin
Skeleton,Skelett,483,L_CRIT_SKELETONSNIPER,Skeleton Sniper,Skelett-Scharfschütze
Skeleton,Skelett,484,L_CRIT_SKELETONTRIGGERMAN,Skeleton Triggerman,Skelett-Schütze
Skeleton,Skelett,485,L_CRIT_SKELETONCANNONEER,Skeleton Cannoneer,Skelett-Kanonier
Skeleton,Skelett,486,L_CRIT_SKELETONMARKSMAN,Skeleton Marksman,Skelettschütze
Skeleton,Skelett,487,L_CRIT_SKELETONMORTARMAN,Skeleton Mortarman,Skelett-Mörserwerfer
Skeleton,Skelett,488,L_CRIT_SKELETONGUNSLINGER,Skeleton Gunslinger,Skelett-Revolverheld
Skeleton,Skelett,830,L_CRIT_SKELETONBUCCANEER,Skeleton Buccaneer,Skelett-Freibeuter
Slime,Schleim,340,L_CRIT_GLUTINOUSSLIME,Glutinous Slime,Klebriger Schleim
Slime,Schleim,341,L_CRIT_MERCURIALSLIME,Mercurial Slime,Quecksilberschleim
Slime,Schleim,342,L_CRIT_BILESLIME,Bile Slime,Gallenschleim
Slime,Schleim,343,L_CRIT_PARANORMALSLIME,Paranormal Slime,Paranormaler Schleim
Slime,Schleim,344,L_CRIT_ECTOPLASMICSLIME,Ectoplasmic Slime,Ektoplasmatischer Schleim
Slime,Schleim,345,L_CRIT_BLOODSLIME,Blood Slime,Blutschleim
Slime,Schleim,784,L_CRIT_CURSEDSLIME,Cursed Slime,Verfluchter Schleim
Slime,Schleim,804,L_CRIT_INFESTEDSLIME,Infested Slime,Verseuchter Schleim
Smith,Schmied,445,L_CRIT_BRIMSMITH,Brim Smith,Brim Smith
Smith,Schmied,446,L_CRIT_CRYSTALSMITH,Crystal Smith,Kristall-Schmied
Smith,Schmied,451,L_CRIT_DARKBRIMSMITH,Dark Brim Smith,Düsterer Rand-Schmied
Smith,Schmied,452,L_CRIT_BLACKCRYSTALSMITH,Black Crystal Smith,Schwarzkristallschmied
Smith,Schmied,453,L_CRIT_DEPRAVITYSMITH,Depravity Smith,Verderbtheit-Schmied
Smog,Smog,359,L_CRIT_NOXIOUSSMOG,Noxious Smog,Giftiger Smog
Smog,Smog,360,L_CRIT_LETHALSMOG,Lethal Smog,Tödlicher Smog
Smog,Smog,361,L_CRIT_CANCEROUSSMOG,Cancerous Smog,Krebserregender Smog
Smog,Smog,362,L_CRIT_PESTILENTSMOG,Pestilent Smog,Pestilente Schwaden
Smog,Smog,363,L_CRIT_SCOURGESMOG,Scourge Smog,Geißelnebel
Smog,Smog,364,L_CRIT_SMOGLORD,Smog Lord,Smoglord
Smog,Smog,870,L_CRIT_TOXICSMOG,Toxic Smog,Giftiger Smog
Smog,Smog,952,L_CRIT_FESTIVALSMOG,Festival Smog,Festivalsdunst
Smog,Smog,1141,L_CRIT_INCENDIARYSMOG,Incendiary Smog,Entzündlicher Smog
Snaptrap,Schnappfalle,994,L_CRIT_SNAPTRAPCULTIVAR,Snaptrap Cultivar,Schnappfallen-Kultivar
Snaptrap,Schnappfalle,995,L_CRIT_WIZENEDSNAPTRAP,Wizened Snaptrap,Verwitterte Schnappfalle
Snaptrap,Schnappfalle,996,L_CRIT_PARASITICSNAPTRAP,Parasitic Snaptrap,Parasitäre Schnappfalle
Snaptrap,Schnappfalle,997,L_CRIT_ALLURINGSNAPTRAP,Alluring Snaptrap,Verführerische Schnappfalle
Snaptrap,Schnappfalle,998,L_CRIT_STICKYSNAPTRAP,Sticky Snaptrap,Klebrige Schnappfalle
Soulflayer,Seelenschinder,1064,L_CRIT_SOULFLAYERPEACEMAKER,Soulflayer Peacemaker,Seelenschinder Friedensstifter
Soulflayer,Seelenschinder,1065,L_CRIT_SOULFLAYERDEPRIVER,Soulflayer Depriver,Seelenflayer-Berauber
Soulflayer,Seelenschinder,1066,L_CRIT_SOULFLAYERDRONE,Soulflayer Drone,Seelenschinder-Drohne
Soulflayer,Seelenschinder,1067,L_CRIT_SOULFLAYEROVERLORD,Soulflayer Overlord,Seelenschinder-Oberherr
Soulflayer,Seelenschinder,1068,L_CRIT_SOULFLAYERPROBER,Soulflayer Prober,Seelenschinder-Sondiergerät
Soulflayer,Seelenschinder,1069,L_CRIT_SOULFLAYERDREAMCASTER,Soulflayer Dreamcaster,Seelenschinder Traumwirker
Spacecat,Weltraumkatze,1580,L_CRIT_PECULIARSPACECAT,Peculiar Spacecat,Seltsame Weltraumkatze
Spacecat,Weltraumkatze,1581,L_CRIT_GOLDSPACECAT,Gold Spacecat,Goldene Weltraumkatze
Spacecat,Weltraumkatze,1582,L_CRIT_BLACKSPACECAT,Black Spacecat,Schwarze Weltraumkatze
Spacecat,Weltraumkatze,1583,L_CRIT_ASTRALSPACECAT,Astral Spacecat,Astralkatzenwesen
Spacecat,Weltraumkatze,1584,L_CRIT_FURIOUSSPACECAT,Furious Spacecat,Wütende Weltraumkatze
Spacecat,Weltraumkatze,1585,L_CRIT_ANCIENTSPACECAT,Ancient Spacecat,Uralte Weltraumkatze
Sparktail,Funkelschwanz,992,L_CRIT_SPARKTAILCOURIER,Sparktail Courier,Funkenstreif-Kurier
Sparktail,Funkelschwanz,999,L_CRIT_SPARKTAILPROFESSOR,Sparktail Professor,Funkenruten-Professor
Sparktail,Funkelschwanz,1000,L_CRIT_SPARKTAILOFFICER,Sparktail Officer,Funkenstreif-Offizier
Sparktail,Funkelschwanz,1001,L_CRIT_SPARKTAILSTUDENT,Sparktail Student,Funkenruten-Student
Sparktail,Funkelschwanz,1002,L_CRIT_SPARKTAILSEARCHER,Sparktail Searcher,Funkensucher
Sparktail,Funkelschwanz,1003,L_CRIT_SPARKTAILENGINEER,Sparktail Engineer,Funkenruten-Ingenieur
Spectre,Gespenst,606,L_CRIT_ABYSSALSPECTRE,Abyssal Spectre,Abyssales Gespenst
Spectre,Gespenst,607,L_CRIT_DOOMSDAYSPECTRE,Doomsday Spectre,Weltuntergangsgespenst
Spectre,Gespenst,608,L_CRIT_DREADSPECTRE,Dread Spectre,Schreckgespenst
Spectre,Gespenst,609,L_CRIT_ENTROPICSPECTRE,Entropic Spectre,Entropisches Gespenst
Spectre,Gespenst,610,L_CRIT_NIGHTVEILSPECTRE,Nightveil Spectre,Nachtschleier-Gespenst
Spectre,Gespenst,611,L_CRIT_TRANSIENTSPECTRE,Transient Spectre,Flüchtiges Gespenst
Spectre,Gespenst,820,L_CRIT_PROPHETICSPECTRE,Prophetic Spectre,Prophetisches Gespenst
Spectre,Gespenst,847,L_CRIT_WOEFULSPECTRE,Woeful Spectre,Klagender Geist
Spelljuggler,Zauberjongleur,1586,L_CRIT_SPELLJUGGLERCONNOISSEUR,Spelljuggler Connoisseur,Zauberjongleur-Kenner
Spelljuggler,Zauberjongleur,1587,L_CRIT_SPELLJUGGLERINSTRUCTOR,Spelljuggler Instructor,Zauberjongleur-Ausbilder
Spelljuggler,Zauberjongleur,1588,L_CRIT_SPELLJUGGLERBEDAZZLER,Spelljuggler Bedazzler,Zauberjongleur-Verblender
Spelljuggler,Zauberjongleur,1589,L_CRIT_SPELLJUGGLERCONSERVATOR,Spelljuggler Conservator,Zauberjongleur-Konservator
Spelljuggler,Zauberjongleur,1590,L_CRIT_SPELLJUGGLEROPPORTUNIST,Spelljuggler Opportunist,Zauberjongleur-Opportunist
Spelljuggler,Zauberjongleur,1591,L_CRIT_SPELLJUGGLERTRAPEZIST,Spelljuggler Trapezist,Zauberjongleur-Trapezkünstler
Spellmane,Zaubermähne,1385,L_CRIT_RIMESKINSPELLMANE,Rimeskin Spellmane,Frostfell-Zaubermähne
Spellmane,Zaubermähne,1386,L_CRIT_ASHSKINSPELLMANE,Ashskin Spellmane,Aschenhaut-Zaubermähne
Spellmane,Zaubermähne,1387,L_CRIT_VOLTSKINSPELLMANE,Voltskin Spellmane,Voltshaut-Zaubermähne
Spellmane,Zaubermähne,1388,L_CRIT_VENOMSKINSPELLMANE,Venomskin Spellmane,Gifthaut-Zaubermähne
Spellmane,Zaubermähne,1389,L_CRIT_DRYSKINSPELLMANE,Dryskin Spellmane,Trockenhaut-Zaubermähne
Spellmane,Zaubermähne,1390,L_CRIT_CLOUDSKINSPELLMANE,Cloudskin Spellmane,Wolkenfell-Zaubermähne
Sphinx,Sphinx,584,L_CRIT_SPHINXAVENGER,Sphinx Avenger,Sphinx-Rächer
Sphinx,Sphinx,585,L_CRIT_SPHINXELDER,Sphinx Elder,Sphinx-Ältester
Sphinx,Sphinx,586,L_CRIT_SPHINXHEALER,Sphinx Healer,Sphinx-Heiler
Sphinx,Sphinx,587,L_CRIT_SPHINXJUSTICAR,Sphinx Justicar,Sphinx-Justikar
Sphinx,Sphinx,588,L_CRIT_SPHINXORDAINER,Sphinx Ordainer,Sphinx-Ordner
Sphinx,Sphinx,589,L_CRIT_SPHINXZEALOT,Sphinx Zealot,Sphinx-Fanatiker
Sphinx,Sphinx,834,L_CRIT_SPHINXUSURPER,Sphinx Usurper,Sphinx-Usurpator
Spirit,Geist,427,L_CRIT_ANCIENTSPIRIT,Ancient Spirit,Uralter Geist
Spirit,Geist,428,L_CRIT_FROZENSPIRIT,Frozen Spirit,Gefrorener Geist
Spirit,Geist,429,L_CRIT_SUCCUBUSSPIRIT,Succubus Spirit,Sukkubus-Geist
Spirit,Geist,430,L_CRIT_WILLOWSPIRIT,Willow Spirit,Weidengeist
Spirit,Geist,431,L_CRIT_EXALTEDSPIRIT,Exalted Spirit,Erhabener Geist
Spirit,Geist,432,L_CRIT_CLAIRVOYANTSPIRIT,Clairvoyant Spirit,Hellsehergeist
Spirit,Geist,748,L_CRIT_SPIRITVULPES,Spirit Vulpes,Geist-Vulpes
Spirit,Geist,755,L_CRIT_STAGSPIRIT,Stag Spirit,Hirschgeist
Spirit,Geist,795,L_CRIT_FOGSPIRIT,Fog Spirit,Nebelgeist
Spirit,Geist,806,L_CRIT_MALIGNANTSPIRIT,Malignant Spirit,Bösartiger Geist
Spirit,Geist,937,L_CRIT_HOLIDAYSPIRIT,Holiday Spirit,Feiertagsstimmung
Spirit,Geist,1151,L_CRIT_EVILSPIRIT,Evil Spirit,Böser Geist
Spirit,Geist,1173,L_CRIT_DRAGONSPIRIT,Dragon Spirit,Drachengeist
Stag,Hirsch,750,L_CRIT_STAGCELESTIAL,Stag Celestial,Himmelsgeweihter
Stag,Hirsch,752,L_CRIT_STAGIDOL,Stag Idol,Hirschgötze
Stag,Hirsch,753,L_CRIT_STAGOVERSEER,Stag Overseer,Hirschaufseher
Stag,Hirsch,754,L_CRIT_STAGROYAL,Stag Royal,Königshirsch
Stag,Hirsch,869,L_CRIT_STAGABSTRACT,Stag Abstract,Hirsch Abstrakt
Stag,Hirsch,933,L_CRIT_STAGGUIDE,Stag Guide,Hirschführer
Storm,Sturm,366,L_CRIT_REDSTORM,Red Storm,Roter Sturm
Storm,Sturm,367,L_CRIT_RAVINGSTORM,Raving Storm,Tobender Sturm
Storm,Sturm,368,L_CRIT_THUNDERSTORM,Thunder Storm,Gewittersturm
Storm,Sturm,371,L_CRIT_STORMLORD,Storm Lord,Sturmfürst
Storm,Sturm,856,L_CRIT_MALIGNANTSTORM,Malignant Storm,Bösartiger Sturm
Tanukrook,Tanukrook,958,L_CRIT_TANUKROOK,Tanukrook,Tanukrook
Toxdweller,Giftbewohner,1088,L_CRIT_TOXDWELLERSLASHER,Toxdweller Slasher,Toxdweller-Schlitzer
Toxdweller,Giftbewohner,1089,L_CRIT_TOXDWELLERBLOODBATHER,Toxdweller Bloodbather,Giftbewohner-Blutbader
Toxdweller,Giftbewohner,1090,L_CRIT_TOXDWELLERMUTANT,Toxdweller Mutant,Giftbewohner-Mutant
Toxdweller,Giftbewohner,1091,L_CRIT_TOXDWELLERDECOY,Toxdweller Decoy,Giftsiedler-Köder
Toxdweller,Giftbewohner,1092,L_CRIT_TOXDWELLERPARASITE,Toxdweller Parasite,Giftbewohner-Parasit
Toxdweller,Giftbewohner,1093,L_CRIT_TOXDWELLERINFECTOR,Toxdweller Infector,Toxbewohner-Infektor
Tremor,Beben,672,L_CRIT_AHNOKTREMOR,Ahnok Tremor,Ahnok-Beben
Tremor,Beben,673,L_CRIT_QUAMARTREMOR,Quamar Tremor,Quamar-Beben
Tremor,Beben,674,L_CRIT_QUARNOKTREMOR,Quarnok Tremor,Quarnok Tremor
Tremor,Beben,675,L_CRIT_AHNKOLTREMOR,Ahnkol Tremor,Ahnkol-Beben
Tremor,Beben,676,L_CRIT_URHULTREMOR,Urhul Tremor,Urhul-Beben
Tremor,Beben,863,L_CRIT_GORLUMTREMOR,Gorlum Tremor,Gorlum Tremor
Tremor,Beben,1171,L_CRIT_HANYACTREMOR,Hanyac Tremor,Hanyac-Beben
Troll,Troll,238,L_CRIT_TROLLARSONIST,Troll Arsonist,Troll-Brandstifter
Troll,Troll,239,L_CRIT_TROLLNECKSNAPPER,Troll Necksnapper,Trollnackenbrecher
Troll,Troll,240,L_CRIT_TROLLBERSERKER,Troll Berserker,Troll-Berserker
Troll,Troll,241,L_CRIT_TROLLKNIFEJUGGLER,Troll Knife Juggler,Troll-Messerjongleur
Troll,Troll,242,L_CRIT_TROLLALEMASTER,Troll Alemaster,Trollbraumeister
Troll,Troll,243,L_CRIT_TROLLKING,Troll King,Trollkönig
Troll,Troll,840,L_CRIT_TROLLYOUNGSTER,Troll Youngster,Trolljunges
Troll,Troll,1142,L_CRIT_CHAOSTROLL,Chaos Troll,Chaostroll
Underdweller,Unterirdischer,1541,L_CRIT_UNDERDWELLERROTTHIEF,Underdweller Rot-thief,Unterirdischer Fäulnisdieb
Underdweller,Unterirdischer,1542,L_CRIT_UNDERDWELLERHEXBLADE,Underdweller Hexblade,Unterirdischer Hexenklinge
Underdweller,Unterirdischer,1543,L_CRIT_UNDERDWELLERMISCHIEFMAKER,Underdweller Mischiefmaker,Unterweltler-Unheilstifter
Underdweller,Unterirdischer,1544,L_CRIT_UNDERDWELLERRIPPER,Underdweller Ripper,Unterirdischer Schlitzer
Underdweller,Unterirdischer,1545,L_CRIT_UNDERDWELLERRITESMASTER,Underdweller Ritesmaster,Unterirdischer Ritualmeister
Underdweller,Unterirdischer,1546,L_CRIT_UNDERDWELLERFEARMONGER,Underdweller Fearmonger,Unterweltler Angstmacher
Unguided,Ungeführt,1070,L_CRIT_UNGUIDEDPSYCHIC,Unguided Psychic,Ungeführter Psioniker
Unguided,Ungeführt,1071,L_CRIT_UNGUIDEDJUDGE,Unguided Judge,Ungeführter Richter
Unguided,Ungeführt,1072,L_CRIT_UNGUIDEDDESECRATOR,Unguided Desecrator,Ungeführter Entweiher
Unguided,Ungeführt,1073,L_CRIT_UNGUIDEDAGNOSTIC,Unguided Agnostic,Ungeführter Agnostiker
Unguided,Ungeführt,1074,L_CRIT_UNGUIDEDSADIST,Unguided Sadist,Ungezügelter Sadist
Unguided,Ungeführt,1075,L_CRIT_UNGUIDEDHEATHEN,Unguided Heathen,Ungläubiger Heide
Unicorn,Einhorn,346,L_CRIT_UNICORNVIVIFIER,Unicorn Vivifier,Einhorn-Beleber
Unicorn,Einhorn,347,L_CRIT_UNICORNCONSECRATOR,Unicorn Consecrator,Einhorn-Weiher
Unicorn,Einhorn,348,L_CRIT_UNICORNSTORMBRINGER,Unicorn Stormbringer,Einhorn Sturmbringer
Unicorn,Einhorn,349,L_CRIT_UNICORNHOLYCASTER,Unicorn Holycaster,Einhorn-Heiligzauberer
Unicorn,Einhorn,351,L_CRIT_UNICORNTHUNDERCRACKER,Unicorn Thundercracker,Einhorn-Donnerkracher
Unicorn,Einhorn,871,L_CRIT_UNICORNFIREWALKER,Unicorn Firewalker,Einhorn Feuerwandler
Uralos,Uralos,1361,L_CRIT_URALOSSPELLSLINGER,Uralos Spellslinger,Uralos Zauberwerfer
Uralos,Uralos,1362,L_CRIT_URALOSKNIGHT,Uralos Knight,Uralos-Ritter
Uralos,Uralos,1363,L_CRIT_URALOSSPEARMASTER,Uralos Spearmaster,Uralos Speermeister
Uralos,Uralos,1364,L_CRIT_URALOSSAVAGE,Uralos Savage,Uralos der Wilde
Uralos,Uralos,1365,L_CRIT_URALOSTRICKSTER,Uralos Trickster,Uralos-Trickster
Uralos,Uralos,1366,L_CRIT_URALOSHEALER,Uralos Healer,Uralos-Heiler
Uralos,Uralos,1464,L_CRIT_URALOSWARCHIEF,Uralos Warchief,Kriegshäuptling von Uralos
Valkyrie,Walküre,595,L_CRIT_VALKYRIESCOUT,Valkyrie Scout,Walküren-Kundschafterin
Valkyrie,Walküre,596,L_CRIT_VALKYRIEKNIGHT,Valkyrie Knight,Walkürenritter
Valkyrie,Walküre,597,L_CRIT_VALKYRIELANCER,Valkyrie Lancer,Walküren-Lanzenträgerin
Valkyrie,Walküre,598,L_CRIT_VALKYRIEQUEEN,Valkyrie Queen,Walkürenkönigin
Valkyrie,Walküre,599,L_CRIT_VALKYRIECHAMPION,Valkyrie Champion,Walküren-Champion
Valkyrie,Walküre,600,L_CRIT_VALKYRIESHIELDMAIDEN,Valkyrie Shieldmaiden,Walküren-Schildmaid
Valkyrie,Walküre,872,L_CRIT_VALKYRIEDUELIST,Valkyrie Duelist,Walküren-Duellant
Valkyrie,Walküre,1163,L_CRIT_VALKYRIEPRIESTESS,Valkyrie Priestess,Walküren-Priesterin
Voidlord,Leerenfürst,1010,L_CRIT_ANGELICVOIDLORD,Angelic Voidlord,Engelshafter Leerenfürst
Voidlord,Leerenfürst,1011,L_CRIT_VAMPIRICVOIDLORD,Vampiric Voidlord,Vampirischer Leerenfürst
Voidlord,Leerenfürst,1012,L_CRIT_FERALVOIDLORD,Feral Voidlord,Wilder Leerenfürst
Voidlord,Leerenfürst,1013,L_CRIT_IMPERIALVOIDLORD,Imperial Voidlord,Imperialer Leerenfürst
Voidlord,Leerenfürst,1014,L_CRIT_DEMONICVOIDLORD,Demonic Voidlord,Dämonischer Leerenfürst
Voidlord,Leerenfürst,1015,L_CRIT_SUBVERSIVEVOIDLORD,Subversive Voidlord,Subversiver Leerenfürst
Vortex,Vortex,695,L_CRIT_VORTEXOBSERVER,Vortex Observer,Vortex-Beobachter
Vortex,Vortex,696,L_CRIT_UNTAMEDVORTEX,Untamed Vortex,Ungezähmter Wirbel
Vortex,Vortex,697,L_CRIT_CEREBRALVORTEX,Cerebral Vortex,Gedankenwirbel
Vortex,Vortex,698,L_CRIT_CONSUMINGVORTEX,Consuming Vortex,Verschlingender Vortex
Vortex,Vortex,699,L_CRIT_MANAVORTEX,Mana Vortex,Mana-Wirbel
Vortex,Vortex,700,L_CRIT_PSYCHICVORTEX,Psychic Vortex,Psychischer Vortex
Vortex,Vortex,874,L_CRIT_SULFURICVORTEX,Sulfuric Vortex,Schwefelwirbel
Vortex,Vortex,956,L_CRIT_OVOIDVORTEX,Ovoid Vortex,Ovoides Vortex
Vortex,Vortex,1176,L_CRIT_EVILVORTEX,Evil Vortex,Böser Vortex
Vulpes,Vulpes,744,L_CRIT_TERRAVULPES,Terra Vulpes,Terra Vulpes
Vulpes,Vulpes,745,L_CRIT_DECAYINGVULPES,Decaying Vulpes,Verfallender Vulpes
Vulpes,Vulpes,746,L_CRIT_LOSTVULPES,Lost Vulpes,Verlorener Vulpes
Vulpes,Vulpes,747,L_CRIT_SKYWARDVULPES,Skyward Vulpes,Himmelsfuchs
Vulpes,Vulpes,749,L_CRIT_COSMOSVULPES,Cosmos Vulpes,Cosmos Vulpes
Vulpes,Vulpes,854,L_CRIT_INCANDESCENTVULPES,Incandescent Vulpes,Glühender Vulpes
Vulpes,Vulpes,1179,L_CRIT_ARCUSVULPES,Arcus Vulpes,Arcus Vulpes
Warhog,Kriegseber,1397,L_CRIT_PLATEDWARHOG,Plated Warhog,Gepanzertes Kriegsschwein
Warhog,Kriegseber,1398,L_CRIT_MYSTICWARHOG,Mystic Warhog,Mystischer Kriegseber
Warhog,Kriegseber,1399,L_CRIT_OOZINGWARHOG,Oozing Warhog,Triefender Kriegseber
Warhog,Kriegseber,1400,L_CRIT_BARBEDWARHOG,Barbed Warhog,Stachelkriegseber
Warhog,Kriegseber,1401,L_CRIT_ACCURSEDWARHOG,Accursed Warhog,Verfluchter Kriegseber
Warhog,Kriegseber,1402,L_CRIT_DIREWARHOG,Dire Warhog,Grimmiges Kriegsschwein
Waspid,Wespid,701,L_CRIT_WASPIDWORKER,Waspid Worker,Wespiden-Arbeiter
Waspid,Wespid,703,L_CRIT_WASPIDSOLDIER,Waspid Soldier,Wespiden-Soldat
Waspid,Wespid,704,L_CRIT_WASPIDINFILTRATOR,Waspid Infiltrator,Wespiden-Infiltrator
Waspid,Wespid,705,L_CRIT_WASPIDSLICER,Waspid Slicer,Wespiden-Schneider
Waspid,Wespid,706,L_CRIT_WASPIDSCOUT,Waspid Scout,Wespiden-Kundschafter
Waspid,Wespid,844,L_CRIT_WASPIDHIVELEADER,Waspid Hiveleader,Wespiden-Schwarmführer
Watcher,Beobachter,636,L_CRIT_COASTWATCHER,Coast Watcher,Küstenwächter
Watcher,Beobachter,637,L_CRIT_GLADEWATCHER,Glade Watcher,Hainwächter
Watcher,Beobachter,638,L_CRIT_HELLWATCHER,Hell Watcher,Höllenwächter
Watcher,Beobachter,639,L_CRIT_RIFTWATCHER,Rift Watcher,Riss-Wächter
Watcher,Beobachter,640,L_CRIT_ROOSTWATCHER,Roost Watcher,Nestwächter
Watcher,Beobachter,641,L_CRIT_SKYWATCHER,Sky Watcher,Himmelswächter
Watcher,Beobachter,845,L_CRIT_WATCHERSENTINEL,Watcher Sentinel,Wächtersentinel
Watcher,Beobachter,957,L_CRIT_INFLATABLEWATCHER,Inflatable Watcher,Aufblasbarer Wächter
Watcher,Beobachter,1020,L_CRIT_WISPWATCHER,Wisp Watcher,Irrlichtwächter
Wight,Gruftschrat,654,L_CRIT_TERRORWIGHT,Terror Wight,Schreckensleiche
Wight,Gruftschrat,655,L_CRIT_GRAVEBANEWIGHT,Gravebane Wight,Grabfluch-Wicht
Wight,Gruftschrat,656,L_CRIT_RECLUSIVEWIGHT,Reclusive Wight,Zurückgezogener Wiedergänger
Wight,Gruftschrat,657,L_CRIT_ROOFSTALKERWIGHT,Roofstalker Wight,Dachschleicher-Wiedergänger
Wight,Gruftschrat,658,L_CRIT_DREADWIGHT,Dread Wight,Schrecklicher Wiedergänger
Wight,Gruftschrat,659,L_CRIT_TREPIDATIONWIGHT,Trepidation Wight,Angst-Wicht
Wight,Gruftschrat,796,L_CRIT_FROSTBITEWIGHT,Frostbite Wight,Frostbiss-Wiedergänger
Wight,Gruftschrat,921,L_CRIT_HEADLESSWIGHT,Headless Wight,Kopfloser Wicht
Wight,Gruftschrat,1149,L_CRIT_HOLYWIGHT,Holy Wight,Heiliger Wicht
Wisp,Irrlicht,1016,L_CRIT_DANCINGWISP,Dancing Wisp,Tanzender Irrwisch
Wisp,Irrlicht,1017,L_CRIT_ABYSSALWISP,Abyssal Wisp,Abgrundhauch
Wisp,Irrlicht,1018,L_CRIT_LAUGHINGWISP,Laughing Wisp,Lachender Irrwisch
Wisp,Irrlicht,1019,L_CRIT_SCHEMINGWISP,Scheming Wisp,Intrigierender Irrwisch
Wisp,Irrlicht,1021,L_CRIT_WISPSEER,Wisp Seer,Nebelseher
Wolpertinger,Wolpertinger,522,L_CRIT_VICIOUSWOLPERTINGER,Vicious Wolpertinger,Bösartiger Wolpertinger
Wolpertinger,Wolpertinger,523,L_CRIT_VILEWOLPERTINGER,Vile Wolpertinger,Übler Wolpertinger
Wolpertinger,Wolpertinger,524,L_CRIT_VOLATILEWOLPERTINGER,Volatile Wolpertinger,Unbeständiger Wolpertinger
Wolpertinger,Wolpertinger,525,L_CRIT_VOLCANICWOLPERTINGER,Volcanic Wolpertinger,Vulkanischer Wolpertinger
Wolpertinger,Wolpertinger,526,L_CRIT_VIRIDIANWOLPERTINGER,Viridian Wolpertinger,Smaragdgrüner Wolpertinger
Wolpertinger,Wolpertinger,527,L_CRIT_VAMPIRICWOLPERTINGER,Vampiric Wolpertinger,Vampirischer Wolpertinger
Wolpertinger,Wolpertinger,789,L_CRIT_DOCILEWOLPERTINGER,Docile Wolpertinger,Zahmer Wolpertinger
Wolpertinger,Wolpertinger,946,L_CRIT_VERNALWOLPERTINGER,Vernal Wolpertinger,Frühlings-Wolpertinger
Wolpertinger,Wolpertinger,1172,L_CRIT_VILLOUSWOLPERTINGER,Villous Wolpertinger,Zottiger Wolpertinger
Wyvern,Wyvern,335,L_CRIT_WYVERNSONICSCREECHER,Wyvern Sonicscreecher,Wyvern-Schallkreischer
Wyvern,Wyvern,336,L_CRIT_WYVERNWINDRIDER,Wyvern Windrider,Wyvernwindreiter
Wyvern,Wyvern,337,L_CRIT_WYVERNSKYSTALKER,Wyvern Skystalker,Wyvern-Himmelsjäger
Wyvern,Wyvern,338,L_CRIT_WYVERNAIRSLAYER,Wyvern Airslayer,Wyvern-Luftschlächter
Wyvern,Wyvern,339,L_CRIT_WYVERNDAYBREAKER,Wyvern Daybreaker,Wyvern-Tagesbrecher
Wyvern,Wyvern,848,L_CRIT_WYVERNTOXICFANG,Wyvern Toxicfang,Wyvern Giftfang
Yeti,Yeti,630,L_CRIT_COLDSLAMYETI,Coldslam Yeti,Frostklotz-Yeti
Yeti,Yeti,631,L_CRIT_CHILLBREEZEYETI,Chillbreeze Yeti,Frosthauch-Yeti
Yeti,Yeti,632,L_CRIT_ICEMANEYETI,Icemane Yeti,Eisemähne-Yeti
Yeti,Yeti,633,L_CRIT_FROSTBITEYETI,Frostbite Yeti,Frostbiss-Yeti
Yeti,Yeti,634,L_CRIT_SNOWSTINGYETI,Snowsting Yeti,Schneestich-Yeti
Yeti,Yeti,635,L_CRIT_RIMEFISTYETI,Rimefist Yeti,Reiffaust-Yeti
Yeti,Yeti,771,L_CRIT_ANCIENTYETI,Ancient Yeti,Uralter Yeti
