file,line,english,german,english_numbers,german_numbers
achievements.csv,3,"Obtain 10,000 {RES_BRIMSTONE}.",Erhalte 10.000 {RES_BRIMSTONE}.,"{'10': 1, '000': 1}",{'10.000': 1}
achievements.csv,5,"Obtain 50,000 {RES_BRIMSTONE}.",Erhalte 50.000 {RES_BRIMSTONE}.,"{'50': 1, '000': 1}",{'50.000': 1}
achievements.csv,7,"Obtain 100,000 {RES_BRIMSTONE}.",Erhalte 100.000 {RES_BRIMSTONE}.,"{'100': 1, '000': 1}",{'100.000': 1}
achievements.csv,9,"Obtain 250,000 {RES_BRIMSTONE}.",Erhalte 250.000 {RES_BRIMSTONE}.,"{'250': 1, '000': 1}",{'250.000': 1}
achievements.csv,11,"Obtain 500,000 {RES_BRIMSTONE}.",Erhalte 500.000 {RES_BRIMSTONE}.,"{'500': 1, '000': 1}",{'500.000': 1}
achievements.csv,19,"Obtain 25,000,000 {RES_BRIMSTONE}.",Erhalte 25.000.000 {RES_BRIMSTONE}.,"{'25': 1, '000': 2}","{'25.000': 1, '000': 1}"
achievements.csv,21,"Obtain 50,000,000 {RES_BRIMSTONE}.",Erhalte 50.000.000 {RES_BRIMSTONE}.,"{'50': 1, '000': 2}","{'50.000': 1, '000': 1}"
achievements.csv,23,"Obtain 10,000 {RES_CRYSTAL}.",Erhalte 10.000 {RES_CRYSTAL}.,"{'10': 1, '000': 1}",{'10.000': 1}
achievements.csv,25,"Obtain 50,000 {RES_CRYSTAL}.",Erhalte 50.000 {RES_CRYSTAL}.,"{'50': 1, '000': 1}",{'50.000': 1}
achievements.csv,27,"Obtain 100,000 {RES_CRYSTAL}.",Erhalte 100.000 {RES_CRYSTAL}.,"{'100': 1, '000': 1}",{'100.000': 1}
achievements.csv,29,"Obtain 250,000 {RES_CRYSTAL}.",Erhalte 250.000 {RES_CRYSTAL}.,"{'250': 1, '000': 1}",{'250.000': 1}
achievements.csv,31,"Obtain 500,000 {RES_CRYSTAL}.",Erhalte 500.000 {RES_CRYSTAL}.,"{'500': 1, '000': 1}",{'500.000': 1}
achievements.csv,43,"Obtain 10,000 {RES_ESSENCE}.",Erhalte 10.000 {RES_ESSENCE}.,"{'10': 1, '000': 1}",{'10.000': 1}
achievements.csv,45,"Obtain 50,000 {RES_ESSENCE}.",Erhalte 50.000 {RES_ESSENCE}.,"{'50': 1, '000': 1}",{'50.000': 1}
achievements.csv,47,"Obtain 100,000 {RES_ESSENCE}.",Erhalte 100.000 {RES_ESSENCE}.,"{'100': 1, '000': 1}",{'100.000': 1}
achievements.csv,49,"Obtain 250,000 {RES_ESSENCE}.",Erhalte 250.000 {RES_ESSENCE}.,"{'250': 1, '000': 1}",{'250.000': 1}
achievements.csv,51,"Obtain 500,000 {RES_ESSENCE}.",Erhalte 500.000 {RES_ESSENCE}.,"{'500': 1, '000': 1}",{'500.000': 1}
achievements.csv,63,"Obtain 10,000 {RES_GRANITE}.",Erhalte 10.000 {RES_GRANITE}.,"{'10': 1, '000': 1}",{'10.000': 1}
achievements.csv,65,"Obtain 50,000 {RES_GRANITE}.",Erhalte 50.000 {RES_GRANITE}.,"{'50': 1, '000': 1}",{'50.000': 1}
achievements.csv,67,"Obtain 100,000 {RES_GRANITE}.",Erhalte 100.000 {RES_GRANITE}.,"{'100': 1, '000': 1}",{'100.000': 1}
achievements.csv,69,"Obtain 250,000 {RES_GRANITE}.",Erhalte 250.000 {RES_GRANITE}.,"{'250': 1, '000': 1}",{'250.000': 1}
achievements.csv,71,"Obtain 500,000 {RES_GRANITE}.",Erhalte 500.000 {RES_GRANITE}.,"{'500': 1, '000': 1}",{'500.000': 1}
achievements.csv,83,"Obtain 10,000 {RES_POWER}.",Erhalte 10.000 {RES_POWER}.,"{'10': 1, '000': 1}",{'10.000': 1}
achievements.csv,85,"Obtain 50,000 {RES_POWER}.",Erhalte 50.000 {RES_POWER}.,"{'50': 1, '000': 1}",{'50.000': 1}
achievements.csv,87,"Obtain 100,000 {RES_POWER}.",Erhalte 100.000 {RES_POWER}.,"{'100': 1, '000': 1}",{'100.000': 1}
achievements.csv,89,"Obtain 250,000 {RES_POWER}.",Erhalte 250.000 {RES_POWER}.,"{'250': 1, '000': 1}",{'250.000': 1}
achievements.csv,91,"Obtain 500,000 {RES_POWER}.",Erhalte 500.000 {RES_POWER}.,"{'500': 1, '000': 1}",{'500.000': 1}
achievements.csv,115,"Obtain 1,000 Emblems.",Erhalte 1.000 Embleme.,"{'1': 1, '000': 1}",{'1.000': 1}
achievements.csv,117,"Obtain 2,500 Emblems.",Erhalte 2.500 Embleme.,"{'2': 1, '500': 1}",{'2.500': 1}
achievements.csv,119,"Obtain 5,000 Emblems.",Erhalte 5.000 Embleme.,"{'5': 1, '000': 1}",{'5.000': 1}
achievements.csv,121,"Obtain 10,000 Emblems.",Erhalte 10.000 Embleme.,"{'10': 1, '000': 1}",{'10.000': 1}
achievements.csv,125,"Obtain 1,000 [menu_glory] Glory.",Erhalte 1.000 [menu_glory] Ruhm.,"{'1': 1, '000': 1}",{'1.000': 1}
achievements.csv,127,"Obtain 2,500 [menu_glory] Glory.",Erhalte 2.500 [menu_glory] Ruhm.,"{'2': 1, '500': 1}",{'2.500': 1}
achievements.csv,129,"Obtain 5,000 [menu_glory] Glory.",Erhalte 5.000 [menu_glory] Ruhm.,"{'5': 1, '000': 1}",{'5.000': 1}
achievements.csv,131,"Obtain 10,000 [menu_glory] Glory.",Erhalte 10.000 [menu_glory] Ruhm.,"{'10': 1, '000': 1}",{'10.000': 1}
achievements.csv,133,"Obtain 25,000 [menu_glory] Glory.",Erhalte 25.000 [menu_glory] Ruhm.,"{'25': 1, '000': 1}",{'25.000': 1}
achievements.csv,135,"Obtain 50,000 [menu_glory] Glory.",Erhalte 50.000 [menu_glory] Ruhm.,"{'50': 1, '000': 1}",{'50.000': 1}
achievements.csv,137,"Obtain 100,000 [menu_glory] Glory.",Erhalte 100.000 [menu_glory] Ruhm.,"{'100': 1, '000': 1}",{'100.000': 1}
achievements.csv,139,"Obtain 250,000 [menu_glory] Glory.",Erhalte 250.000 [menu_glory] Ruhm.,"{'250': 1, '000': 1}",{'250.000': 1}
achievements.csv,141,"Obtain 500,000 [menu_glory] Glory.",Erhalte 500.000 [menu_glory] Ruhm.,"{'500': 1, '000': 1}",{'500.000': 1}
achievements.csv,145,"Obtain 1,000 [menu_notoriety] Notoriety.",Erlange 1.000 [menu_notoriety] Berüchtigtheit.,"{'1': 1, '000': 1}",{'1.000': 1}
achievements.csv,149,"Obtain 5,000 [menu_notoriety] Notoriety.",Erlange 5.000 [menu_notoriety] Berüchtigtheit.,"{'5': 1, '000': 1}",{'5.000': 1}
achievements.csv,151,"Obtain 10,000 [menu_notoriety] Notoriety.",Erlange 10.000 [menu_notoriety] Ansehen.,"{'10': 1, '000': 1}",{'10.000': 1}
achievements.csv,153,"Obtain 25,000 [menu_notoriety] Notoriety.",Erlange 25.000 [menu_notoriety] Berüchtigtheit.,"{'25': 1, '000': 1}",{'25.000': 1}
achievements.csv,155,"Obtain 50,000 [menu_notoriety] Notoriety.",Erlange 50.000 [menu_notoriety] Berüchtigtheit.,"{'50': 1, '000': 1}",{'50.000': 1}
achievements.csv,157,"Obtain 100,000 [menu_notoriety] Notoriety.",Erlange 100.000 [menu_notoriety] Berüchtigtheit.,"{'100': 1, '000': 1}",{'100.000': 1}
achievements.csv,159,"Obtain 250,000 [menu_notoriety] Notoriety.",Erlange 250.000 [menu_notoriety] Ansehen.,"{'250': 1, '000': 1}",{'250.000': 1}
achievements.csv,161,"Obtain 500,000 [menu_notoriety] Notoriety.",Erlange 500.000 [menu_notoriety] Ansehen.,"{'500': 1, '000': 1}",{'500.000': 1}
achievements.csv,163,"Obtain 10,000 [menu_piety] Piety.",Erhalte 10.000 [menu_piety] Frömmigkeit.,"{'10': 1, '000': 1}",{'10.000': 1}
achievements.csv,165,"Obtain 50,000 [menu_piety] Piety.",Erhalte 50.000 [menu_piety] Frömmigkeit.,"{'50': 1, '000': 1}",{'50.000': 1}
achievements.csv,167,"Obtain 100,000 [menu_piety] Piety.",Erhalte 100.000 [menu_piety] Frömmigkeit.,"{'100': 1, '000': 1}",{'100.000': 1}
achievements.csv,169,"Obtain 250,000 [menu_piety] Piety.",Erhalte 250.000 [menu_piety] Frömmigkeit.,"{'250': 1, '000': 1}",{'250.000': 1}
achievements.csv,171,"Obtain 500,000 [menu_piety] Piety.",Erhalte 500.000 [menu_piety] Frömmigkeit.,"{'500': 1, '000': 1}",{'500.000': 1}
achievements.csv,181,"Obtain 50,000,000 [menu_piety] Piety.",Erhalte 50.000.000 [menu_piety] Frömmigkeit.,"{'50': 1, '000': 2}","{'50.000': 1, '000': 1}"
achievements.csv,185,"Obtain 10,000 [item_stardust] Stardust.",Erhalte 10.000 [item_stardust] Sternenstaub.,"{'10': 1, '000': 1}",{'10.000': 1}
achievements.csv,187,"Obtain 50,000 [item_stardust] Stardust.",Erhalte 50.000 [item_stardust] Sternenstaub.,"{'50': 1, '000': 1}",{'50.000': 1}
achievements.csv,189,"Obtain 100,000 [item_stardust] Stardust.",Erhalte 100.000 [item_stardust] Sternenstaub.,"{'100': 1, '000': 1}",{'100.000': 1}
achievements.csv,191,"Obtain 200,000 [item_stardust] Stardust.",Erhalte 200.000 [item_stardust] Sternenstaub.,"{'200': 1, '000': 1}",{'200.000': 1}
achievements.csv,193,"Obtain 300,000 [item_stardust] Stardust.",Erhalte 300.000 [item_stardust] Sternenstaub.,"{'300': 1, '000': 1}",{'300.000': 1}
achievements.csv,195,"Obtain 400,000 [item_stardust] Stardust.",Erhalte 400.000 [item_stardust] Sternenstaub.,"{'400': 1, '000': 1}",{'400.000': 1}
achievements.csv,197,"Obtain 500,000 [item_stardust] Stardust.",Erhalte 500.000 [item_stardust] Sternenstaub.,"{'500': 1, '000': 1}",{'500.000': 1}
achievements.csv,199,"Obtain 750,000 [item_stardust] Stardust.",Erhalte 750.000 [item_stardust] Sternenstaub.,"{'750': 1, '000': 1}",{'750.000': 1}
achievements.csv,243,"Deal a total of 10,000 damage.",Verursache insgesamt 10.000 Schaden.,"{'10': 1, '000': 1}",{'10.000': 1}
achievements.csv,245,"Deal a total of 100,000 damage.",Verursache insgesamt 100.000 Schaden.,"{'100': 1, '000': 1}",{'100.000': 1}
achievements.csv,247,"Deal a total of 1,000,000 damage.",Verursache insgesamt 1.000.000 Schaden.,"{'1': 1, '000': 2}","{'1.000': 1, '000': 1}"
achievements.csv,263,"Take a total of 10,000 damage.",Erleide insgesamt 10.000 Schaden.,"{'10': 1, '000': 1}",{'10.000': 1}
achievements.csv,265,"Take a total of 100,000 damage.",Erleide insgesamt 100.000 Schaden.,"{'100': 1, '000': 1}",{'100.000': 1}
achievements.csv,267,"Take a total of 1,000,000 damage.",Erleide insgesamt 1.000.000 Schaden.,"{'1': 1, '000': 2}","{'1.000': 1, '000': 1}"
achievements.csv,283,"Receive a total of 10,000 healing.",Erhalte insgesamt 10.000 Heilung.,"{'10': 1, '000': 1}",{'10.000': 1}
achievements.csv,285,"Receive a total of 100,000 healing.",Erhalte insgesamt 100.000 Heilung.,"{'100': 1, '000': 1}",{'100.000': 1}
achievements.csv,303,"Give a total of 10,000 healing.",Heile insgesamt 10.000 Lebenspunkte.,"{'10': 1, '000': 1}",{'10.000': 1}
achievements.csv,305,"Give a total of 100,000 healing.",Heile insgesamt 100.000 Schaden.,"{'100': 1, '000': 1}",{'100.000': 1}
achievements.csv,307,"Give a total of 1,000,000 healing.",Heile insgesamt 1.000.000 Punkte.,"{'1': 1, '000': 2}","{'1.000': 1, '000': 1}"
achievements.csv,323,"Increase the {STAT_attack} stat by a total of 10,000 points in battle.",Erhöhe die {STAT_attack}-Wertung im Kampf um insgesamt 10.000 Punkte.,"{'10': 1, '000': 1}",{'10.000': 1}
achievements.csv,325,"Increase the {STAT_attack} stat by a total of 100,000 points in battle.",Erhöhe die {STAT_attack}-Wertung im Kampf um insgesamt 100.000 Punkte.,"{'100': 1, '000': 1}",{'100.000': 1}
achievements.csv,343,"Increase the {STAT_intelligence} stat by a total of 10,000 points in battle.",Erhöhe den {STAT_intelligence}-Wert um insgesamt 10.000 Punkte im Kampf.,"{'10': 1, '000': 1}",{'10.000': 1}
achievements.csv,345,"Increase the {STAT_intelligence} stat by a total of 100,000 points in battle.",Erhöhe den {STAT_intelligence}-Wert im Kampf um insgesamt 100.000 Punkte.,"{'100': 1, '000': 1}",{'100.000': 1}
achievements.csv,363,"Increase the {STAT_defense} stat by a total of 10,000 points in battle.",Erhöhe den {STAT_defense}-Wert in Kämpfen um insgesamt 10.000 Punkte.,"{'10': 1, '000': 1}",{'10.000': 1}
achievements.csv,365,"Increase the {STAT_defense} stat by a total of 100,000 points in battle.",Erhöhe den {STAT_defense}-Wert in Kämpfen um insgesamt 100.000 Punkte.,"{'100': 1, '000': 1}",{'100.000': 1}
achievements.csv,383,"Increase the {STAT_speed} stat by a total of 10,000 points in battle.",Erhöhe den {STAT_speed}-Wert in Kämpfen um insgesamt 10.000 Punkte.,"{'10': 1, '000': 1}",{'10.000': 1}
achievements.csv,385,"Increase the {STAT_speed} stat by a total of 100,000 points in battle.",Erhöhe den {STAT_speed}-Wert in Kämpfen um insgesamt 100.000 Punkte.,"{'100': 1, '000': 1}",{'100.000': 1}
achievements.csv,403,"Increase the {STAT_health} stat by a total of 10,000 points in battle.",Erhöhe den {STAT_health}-Wert in Kämpfen um insgesamt 10.000 Punkte.,"{'10': 1, '000': 1}",{'10.000': 1}
achievements.csv,405,"Increase the {STAT_health} stat by a total of 100,000 points in battle.",Erhöhe den {STAT_health}-Wert in Kämpfen um insgesamt 100.000 Punkte.,"{'100': 1, '000': 1}",{'100.000': 1}
achievements.csv,423,"Decrease the {STAT_attack} stat by a total of 10,000 points in battle.",Verringere die {STAT_attack}-Wertung in Kämpfen um insgesamt 10.000 Punkte.,"{'10': 1, '000': 1}",{'10.000': 1}
achievements.csv,425,"Decrease the {STAT_attack} stat by a total of 100,000 points in battle.",Verringere die {STAT_attack}-Wertung in Kämpfen um insgesamt 100.000 Punkte.,"{'100': 1, '000': 1}",{'100.000': 1}
achievements.csv,427,"Decrease the {STAT_attack} stat by a total of 1,000,000 points in battle.",Verringere die {STAT_attack}-Wertung in Kämpfen um insgesamt 1.000.000 Punkte.,"{'1': 1, '000': 2}","{'1.000': 1, '000': 1}"
achievements.csv,443,"Decrease the {STAT_intelligence} stat by a total of 10,000 points in battle.",Verringere den {STAT_intelligence}-Wert in Kämpfen um insgesamt 10.000 Punkte.,"{'10': 1, '000': 1}",{'10.000': 1}
achievements.csv,445,"Decrease the {STAT_intelligence} stat by a total of 100,000 points in battle.",Verringere den {STAT_intelligence}-Wert in Kämpfen um insgesamt 100.000 Punkte.,"{'100': 1, '000': 1}",{'100.000': 1}
achievements.csv,447,"Decrease the {STAT_intelligence} stat by a total of 1,000,000 points in battle.",Verringere den {STAT_intelligence}-Wert in Kämpfen um insgesamt 1.000.000 Punkte.,"{'1': 1, '000': 2}","{'1.000': 1, '000': 1}"
achievements.csv,463,"Decrease the {STAT_defense} stat by a total of 10,000 points in battle.",Verringere den {STAT_defense}-Wert in Kämpfen um insgesamt 10.000 Punkte.,"{'10': 1, '000': 1}",{'10.000': 1}
achievements.csv,465,"Decrease the {STAT_defense} stat by a total of 100,000 points in battle.",Verringere den {STAT_defense}-Wert in Kämpfen um insgesamt 100.000 Punkte.,"{'100': 1, '000': 1}",{'100.000': 1}
achievements.csv,467,"Decrease the {STAT_defense} stat by a total of 1,000,000 points in battle.",Verringere den {STAT_defense}-Wert in Kämpfen um insgesamt 1.000.000 Punkte.,"{'1': 1, '000': 2}","{'1.000': 1, '000': 1}"
achievements.csv,483,"Decrease the {STAT_speed} stat by a total of 10,000 points in battle.",Verringere den {STAT_speed}-Wert in Kämpfen um insgesamt 10.000 Punkte.,"{'10': 1, '000': 1}",{'10.000': 1}
achievements.csv,485,"Decrease the {STAT_speed} stat by a total of 100,000 points in battle.",Verringere die {STAT_speed}-Wertung in Kämpfen um insgesamt 100.000 Punkte.,"{'100': 1, '000': 1}",{'100.000': 1}
achievements.csv,503,"Decrease the {STAT_health} stat by a total of 10,000 points in battle.",Verringere den {STAT_health}-Wert in Kämpfen um insgesamt 10.000 Punkte.,"{'10': 1, '000': 1}",{'10.000': 1}
achievements.csv,505,"Decrease the {STAT_health} stat by a total of 100,000 points in battle.",Verringere den {STAT_health}-Wert in Kämpfen um insgesamt 100.000 Punkte.,"{'100': 1, '000': 1}",{'100.000': 1}
achievements.csv,529,"Attack 1,000 times.",Greife 1.000 Mal an.,"{'1': 1, '000': 1}",{'1.000': 1}
achievements.csv,531,"Attack 2,500 times.",Greife 2.500 Mal an.,"{'2': 1, '500': 1}",{'2.500': 1}
achievements.csv,533,"Attack 5,000 times.",Greife 5.000 Mal an.,"{'5': 1, '000': 1}",{'5.000': 1}
achievements.csv,535,"Attack 10,000 times.",Greife 10.000 Mal an.,"{'10': 1, '000': 1}",{'10.000': 1}
achievements.csv,537,"Attack 25,000 times.",Greife 25.000 Mal an.,"{'25': 1, '000': 1}",{'25.000': 1}
achievements.csv,539,"Attack 50,000 times.",Greife 50.000 Mal an.,"{'50': 1, '000': 1}",{'50.000': 1}
achievements.csv,541,"Attack 100,000 times.",Greife 100.000 Mal an.,"{'100': 1, '000': 1}",{'100.000': 1}
achievements.csv,549,"Cast spells 1,000 times.",Wirke 1.000 Mal Zauber.,"{'1': 1, '000': 1}",{'1.000': 1}
achievements.csv,551,"Cast spells 2,500 times.",Wirke 2.500 Mal Zauber.,"{'2': 1, '500': 1}",{'2.500': 1}
achievements.csv,553,"Cast spells 5,000 times.",Wirke 5.000 Mal Zauber.,"{'5': 1, '000': 1}",{'5.000': 1}
achievements.csv,555,"Cast spells 10,000 times.",Wirke 10.000 Mal Zauber.,"{'10': 1, '000': 1}",{'10.000': 1}
achievements.csv,557,"Cast spells 25,000 times.",Wirke 25.000 Mal Zauber.,"{'25': 1, '000': 1}",{'25.000': 1}
achievements.csv,559,"Cast spells 50,000 times.",Wirke 50.000 Mal Zauber.,"{'50': 1, '000': 1}",{'50.000': 1}
achievements.csv,561,"Cast spells 100,000 times.",Wirke 100.000 mal Zauber.,"{'100': 1, '000': 1}",{'100.000': 1}
achievements.csv,569,"Defend 1,000 times.",Verteidige 1.000 Mal.,"{'1': 1, '000': 1}",{'1.000': 1}
achievements.csv,571,"Defend 2,500 times.",Verteidige 2.500 Mal.,"{'2': 1, '500': 1}",{'2.500': 1}
achievements.csv,573,"Defend 5,000 times.",Verteidige 5.000 Mal.,"{'5': 1, '000': 1}",{'5.000': 1}
achievements.csv,575,"Defend 10,000 times.",Verteidige 10.000 Mal.,"{'10': 1, '000': 1}",{'10.000': 1}
achievements.csv,577,"Defend 25,000 times.",Verteidige dich 25.000 Mal.,"{'25': 1, '000': 1}",{'25.000': 1}
achievements.csv,579,"Defend 50,000 times.",Verteidige dich 50.000 Mal.,"{'50': 1, '000': 1}",{'50.000': 1}
achievements.csv,581,"Defend 100,000 times.",Verteidige 100.000 Mal.,"{'100': 1, '000': 1}",{'100.000': 1}
achievements.csv,589,"Provoke 1,000 times.",1.000 Mal provozieren.,"{'1': 1, '000': 1}",{'1.000': 1}
achievements.csv,591,"Provoke 2,500 times.",Provoziere 2.500 Mal.,"{'2': 1, '500': 1}",{'2.500': 1}
achievements.csv,593,"Provoke 5,000 times.",Provoziere 5.000 Mal.,"{'5': 1, '000': 1}",{'5.000': 1}
achievements.csv,595,"Provoke 10,000 times.",Provoziere 10.000 Mal.,"{'10': 1, '000': 1}",{'10.000': 1}
achievements.csv,597,"Provoke 25,000 times.",Provoziere 25.000 Mal.,"{'25': 1, '000': 1}",{'25.000': 1}
achievements.csv,599,"Provoke 50,000 times.",Provoziere 50.000 Mal.,"{'50': 1, '000': 1}",{'50.000': 1}
achievements.csv,601,"Provoke 100,000 times.",Provoziere 100.000 Mal.,"{'100': 1, '000': 1}",{'100.000': 1}
achievements.csv,609,"Resurrect creatures 1,000 times.",Belebe Kreaturen 1.000 Mal wieder.,"{'1': 1, '000': 1}",{'1.000': 1}
achievements.csv,611,"Resurrect creatures 2,500 times.",Belebe Kreaturen 2.500 Mal wieder.,"{'2': 1, '500': 1}",{'2.500': 1}
achievements.csv,613,"Resurrect creatures 5,000 times.",Belebe Kreaturen 5.000 Mal wieder.,"{'5': 1, '000': 1}",{'5.000': 1}
achievements.csv,615,"Resurrect creatures 10,000 times.",Belebe Kreaturen 10.000 Mal wieder.,"{'10': 1, '000': 1}",{'10.000': 1}
achievements.csv,617,"Resurrect creatures 25,000 times.",Belebe Kreaturen 25.000 Mal wieder.,"{'25': 1, '000': 1}",{'25.000': 1}
achievements.csv,619,"Resurrect creatures 50,000 times.",Belebe Kreaturen 50.000 Mal wieder.,"{'50': 1, '000': 1}",{'50.000': 1}
achievements.csv,621,"Resurrect creatures 100,000 times.",Belebe Kreaturen 100.000 Mal wieder.,"{'100': 1, '000': 1}",{'100.000': 1}
achievements.csv,629,"Buff creatures 1,000 times.",Buffe Kreaturen 1.000 Mal.,"{'1': 1, '000': 1}",{'1.000': 1}
achievements.csv,631,"Buff creatures 2,500 times.",Buffe Kreaturen 2.500 Mal.,"{'2': 1, '500': 1}",{'2.500': 1}
achievements.csv,633,"Buff creatures 5,000 times.",Buffe Kreaturen 5.000 Mal.,"{'5': 1, '000': 1}",{'5.000': 1}
achievements.csv,635,"Buff creatures 10,000 times.",Buffe Kreaturen 10.000 Mal.,"{'10': 1, '000': 1}",{'10.000': 1}
achievements.csv,637,"Buff creatures 25,000 times.",Buffe Kreaturen 25.000 Mal.,"{'25': 1, '000': 1}",{'25.000': 1}
achievements.csv,639,"Buff creatures 50,000 times.",Buffe Kreaturen 50.000 Mal.,"{'50': 1, '000': 1}",{'50.000': 1}
achievements.csv,641,"Buff creatures 100,000 times.",Buffe Kreaturen 100.000 Mal.,"{'100': 1, '000': 1}",{'100.000': 1}
achievements.csv,649,"Debuff creatures 1,000 times.",Debuffe Kreaturen 1.000 Mal.,"{'1': 1, '000': 1}",{'1.000': 1}
achievements.csv,651,"Debuff creatures 2,500 times.",Debuffe Kreaturen 2.500 Mal.,"{'2': 1, '500': 1}",{'2.500': 1}
achievements.csv,653,"Debuff creatures 5,000 times.",Debuffe Kreaturen 5.000 Mal.,"{'5': 1, '000': 1}",{'5.000': 1}
achievements.csv,655,"Debuff creatures 10,000 times.",Debuffe Kreaturen 10.000 Mal.,"{'10': 1, '000': 1}",{'10.000': 1}
achievements.csv,657,"Debuff creatures 25,000 times.",Debuffe Kreaturen 25.000 Mal.,"{'25': 1, '000': 1}",{'25.000': 1}
achievements.csv,659,"Debuff creatures 50,000 times.",Debuffe Kreaturen 50.000 Mal.,"{'50': 1, '000': 1}",{'50.000': 1}
achievements.csv,661,"Debuff creatures 100,000 times.",Debuffe Kreaturen 100.000 Mal.,"{'100': 1, '000': 1}",{'100.000': 1}
achievements.csv,669,"Gain minions 1,000 times.",Beschwöre 1.000 Mal Diener.,"{'1': 1, '000': 1}",{'1.000': 1}
achievements.csv,671,"Gain minions 2,500 times.",Beschwöre 2.500 Mal Diener.,"{'2': 1, '500': 1}",{'2.500': 1}
achievements.csv,673,"Gain minions 5,000 times.",Erhalte 5.000 Mal Diener.,"{'5': 1, '000': 1}",{'5.000': 1}
achievements.csv,675,"Gain minions 10,000 times.",Erhalte 10.000 Mal Diener.,"{'10': 1, '000': 1}",{'10.000': 1}
achievements.csv,677,"Gain minions 25,000 times.",Beschwöre 25.000 Mal Diener.,"{'25': 1, '000': 1}",{'25.000': 1}
achievements.csv,679,"Gain minions 50,000 times.",Erhalte 50.000 Mal Diener.,"{'50': 1, '000': 1}",{'50.000': 1}
achievements.csv,681,"Gain minions 100,000 times.",Beschwöre 100.000 Mal Diener.,"{'100': 1, '000': 1}",{'100.000': 1}
achievements.csv,689,"Use 1,000 Spell Gem Charges.",Verwende 1.000 Zauberstein-Ladungen.,"{'1': 1, '000': 1}",{'1.000': 1}
achievements.csv,691,"Use 2,500 Spell Gem Charges.",Verwende 2.500 Zauberstein-Ladungen.,"{'2': 1, '500': 1}",{'2.500': 1}
achievements.csv,693,"Use 5,000 Spell Gem Charges.",Verwende 5.000 Zauberstein-Ladungen.,"{'5': 1, '000': 1}",{'5.000': 1}
achievements.csv,695,"Use 10,000 Spell Gem Charges.",Verwende 10.000 Zauberstein-Ladungen.,"{'10': 1, '000': 1}",{'10.000': 1}
achievements.csv,697,"Use 25,000 Spell Gem Charges.",Verwende 25.000 Zauberstein-Ladungen.,"{'25': 1, '000': 1}",{'25.000': 1}
achievements.csv,699,"Use 50,000 Spell Gem Charges.",Verwende 50.000 Zauberstein-Ladungen.,"{'50': 1, '000': 1}",{'50.000': 1}
achievements.csv,701,"Use 100,000 Spell Gem Charges.",Verwende 100.000 Zauberstein-Ladungen.,"{'100': 1, '000': 1}",{'100.000': 1}
achievements.csv,1551,"Win 1,000 battles.",Gewinne 1.000 Kämpfe.,"{'1': 1, '000': 1}",{'1.000': 1}
achievements.csv,1553,"Win 2,500 battles.",Gewinne 2.500 Kämpfe.,"{'2': 1, '500': 1}",{'2.500': 1}
achievements.csv,1555,"Win 10,000 battles.",Gewinne 10.000 Kämpfe.,"{'10': 1, '000': 1}",{'10.000': 1}
achievements.csv,1557,"Win 25,000 battles.",Gewinne 25.000 Kämpfe.,"{'25': 1, '000': 1}",{'25.000': 1}
achievements.csv,1559,"Win 50,000 battles.",Gewinne 50.000 Kämpfe.,"{'50': 1, '000': 1}",{'50.000': 1}
achievements.csv,1561,"Win 100,000 battles.",Gewinne 100.000 Kämpfe.,"{'100': 1, '000': 1}",{'100.000': 1}
achievements.csv,1567,"Kill 1,000 creatures.",Töte 1.000 Kreaturen.,"{'1': 1, '000': 1}",{'1.000': 1}
achievements.csv,1569,"Kill 5,000 creatures.",Töte 5.000 Kreaturen.,"{'5': 1, '000': 1}",{'5.000': 1}
achievements.csv,1571,"Kill 10,000 creatures.",Töte 10.000 Kreaturen.,"{'10': 1, '000': 1}",{'10.000': 1}
achievements.csv,1573,"Kill 25,000 creatures.",Töte 25.000 Kreaturen.,"{'25': 1, '000': 1}",{'25.000': 1}
achievements.csv,1575,"Kill 100,000 creatures.",Töte 100.000 Kreaturen.,"{'100': 1, '000': 1}",{'100.000': 1}
achievements.csv,1577,"Kill 250,000 creatures.",Töte 250.000 Kreaturen.,"{'250': 1, '000': 1}",{'250.000': 1}
achievements.csv,1579,"Kill 500,000 creatures.",Töte 500.000 Kreaturen.,"{'500': 1, '000': 1}",{'500.000': 1}
achievements.csv,1743,"Convert 10,000 resources at the Refinery.",Wandle 10.000 Ressourcen in der Raffinerie um.,"{'10': 1, '000': 1}",{'10.000': 1}
achievements.csv,1745,"Convert 100,000 resources at the Refinery.",Wandle 100.000 Ressourcen in der Raffinerie um.,"{'100': 1, '000': 1}",{'100.000': 1}
achievements.csv,1747,"Convert 500,000 resources at the Refinery.",Wandle 500.000 Ressourcen in der Raffinerie um.,"{'500': 1, '000': 1}",{'500.000': 1}
achievements.csv,1749,"Convert 1,000,000 resources at the Refinery.",Wandle 1.000.000 Ressourcen in der Raffinerie um.,"{'1': 1, '000': 2}","{'1.000': 1, '000': 1}"
achievements.csv,1751,"Convert 5,000,000 resources at the Refinery.",Wandle 5.000.000 Ressourcen in der Raffinerie um.,"{'5': 1, '000': 2}","{'5.000': 1, '000': 1}"
achievements.csv,1753,"Convert 25,000,000 resources at the Refinery.",Wandle 25.000.000 Ressourcen in der Raffinerie um.,"{'25': 1, '000': 2}","{'25.000': 1, '000': 1}"
achievements.csv,1755,"Convert 50,000,000 resources at the Refinery.",Wandle 50.000.000 Ressourcen in der Raffinerie um.,"{'50': 1, '000': 2}","{'50.000': 1, '000': 1}"
achievements.csv,1757,"Convert 100,000,000 resources at the Refinery.",Wandle 100.000.000 Ressourcen in der Raffinerie um.,"{'100': 1, '000': 2}","{'100.000': 1, '000': 1}"
achievements.csv,1759,"Convert 500,000,000 resources at the Refinery.",Wandle 500.000.000 Ressourcen in der Raffinerie um.,"{'500': 1, '000': 2}","{'500.000': 1, '000': 1}"
achievements.csv,1761,"Convert 1,000,000,000 resources at the Refinery.",Wandle 1.000.000.000 Ressourcen in der Raffinerie um.,"{'1': 1, '000': 3}","{'1.000': 1, '000.000': 1}"
achievements.csv,1763,"Collect 5,000 Creature Parts.",Sammle 5.000 Kreaturenteile.,"{'5': 1, '000': 1}",{'5.000': 1}
achievements.csv,1765,"Collect 25,000 Creature Parts.",Sammle 25.000 Kreaturenteile.,"{'25': 1, '000': 1}",{'25.000': 1}
achievements.csv,1767,"Collect 50,000 Creature Parts.",Sammle 50.000 Kreaturenteile.,"{'50': 1, '000': 1}",{'50.000': 1}
achievements.csv,1769,"Collect 100,000 Creature Parts.",Sammle 100.000 Kreaturenteile.,"{'100': 1, '000': 1}",{'100.000': 1}
achievements.csv,1771,"Collect 250,000 Creature Parts.",Sammle 250.000 Kreaturenteile.,"{'250': 1, '000': 1}",{'250.000': 1}
achievements.csv,1773,"Collect 500,000 Creature Parts.",Sammle 500.000 Kreaturenteile.,"{'500': 1, '000': 1}",{'500.000': 1}
achievements.csv,1775,"Collect 1,000,000 Creature Parts.",Sammle 1.000.000 Kreaturenteile.,"{'1': 1, '000': 2}","{'1.000': 1, '000': 1}"
achievements.csv,1777,"Collect 2,500,000 Creature Parts.",Sammle 2.500.000 Kreaturenteile.,"{'2': 1, '500': 1, '000': 1}","{'2.500': 1, '000': 1}"
achievements.csv,1783,"Collect 1,000 Arcane Dust.",Sammle 1.000 Arkanen Staub.,"{'1': 1, '000': 1}",{'1.000': 1}
achievements.csv,1785,"Collect 5,000 Arcane Dust.",Sammle 5.000 Arkanen Staub.,"{'5': 1, '000': 1}",{'5.000': 1}
achievements.csv,1787,"Collect 10,000 Arcane Dust.",Sammle 10.000 Arkanen Staub.,"{'10': 1, '000': 1}",{'10.000': 1}
achievements.csv,1789,"Collect 25,000 Arcane Dust.",Sammle 25.000 Arkanen Staub.,"{'25': 1, '000': 1}",{'25.000': 1}
achievements.csv,1791,"Collect 50,000 Arcane Dust.",Sammle 50.000 Arkanen Staub.,"{'50': 1, '000': 1}",{'50.000': 1}
achievements.csv,1793,"Collect 100,000 Arcane Dust.",Sammle 100.000 Arkanen Staub.,"{'100': 1, '000': 1}",{'100.000': 1}
achievements.csv,1795,"Collect 200,000 Arcane Dust.",Sammle 200.000 Arkanen Staub.,"{'200': 1, '000': 1}",{'200.000': 1}
achievements.csv,1797,"Collect 300,000 Arcane Dust.",Sammle 300.000 Arkanen Staub.,"{'300': 1, '000': 1}",{'300.000': 1}
achievements.csv,1799,"Collect 400,000 Arcane Dust.",Sammle 400.000 Arkanen Staub.,"{'400': 1, '000': 1}",{'400.000': 1}
achievements.csv,1801,"Collect 500,000 Arcane Dust.",Sammle 500.000 Arkanen Staub.,"{'500': 1, '000': 1}",{'500.000': 1}
achievements.csv,1815,"Complete 1,000 Realm Quests.",Schließe 1.000 Reichsquests ab.,"{'1': 1, '000': 1}",{'1.000': 1}
achievements.csv,1817,"Complete 2,500 Realm Quests.",Schließe 2.500 Reichsquests ab.,"{'2': 1, '500': 1}",{'2.500': 1}
achievements.csv,1819,"Complete 5,000 Realm Quests.",Schließe 5.000 Reichsquests ab.,"{'5': 1, '000': 1}",{'5.000': 1}
achievements.csv,1821,"Complete 10,000 Realm Quests.",Schließe 10.000 Reichsquests ab.,"{'10': 1, '000': 1}",{'10.000': 1}
achievements.csv,1833,"Refresh your Realm Properties at the Teleportation Shrine 1,000 times.",Aktualisiere deine Reichseigenschaften am Teleportationsschrein 1.000 Mal.,"{'1': 1, '000': 1}",{'1.000': 1}
achievements.csv,1835,"Refresh your Realm Properties at the Teleportation Shrine 2,500 times.",Aktualisiere deine Reichseigenschaften am Teleportationsschrein 2.500 Mal.,"{'2': 1, '500': 1}",{'2.500': 1}
achievements.csv,1837,"Refresh your Realm Properties at the Teleportation Shrine 10,000 times.",Aktualisiere deine Reichseigenschaften am Teleportationsschrein 10.000 Mal.,"{'10': 1, '000': 1}",{'10.000': 1}
achievements.csv,1839,"Refresh your Realm Properties at the Teleportation Shrine 50,000 times.",Aktualisiere deine Reichseigenschaften am Teleportationsschrein 50.000 Mal.,"{'50': 1, '000': 1}",{'50.000': 1}
achievements.csv,1841,"Refresh your Realm Properties at the Teleportation Shrine 100,000 times.",Aktualisiere deine Reichseigenschaften am Teleportationsschrein 100.000 Mal.,"{'100': 1, '000': 1}",{'100.000': 1}
achievements.csv,1861,"Enter 1,000 portals that lead to a Nether Realm.","Betritt 1.000 Portale, die in ein Schattenreich führen.","{'1': 1, '000': 1}",{'1.000': 1}
achievements.csv,1881,"Commune with 1,000 Pandemonium Shrines.",Kommuniziere mit 1.000 Pandemonium-Schreinen.,"{'1': 1, '000': 1}",{'1.000': 1}
achievements.csv,1895,"Visit 1,000 Realms.",Besuche 1.000 Reiche.,"{'1': 1, '000': 1}",{'1.000': 1}
achievements.csv,1897,"Visit 2,500 Realms.",Besuche 2.500 Reiche.,"{'2': 1, '500': 1}",{'2.500': 1}
achievements.csv,1899,"Visit 5,000 Realms.",Besuche 5.000 Reiche.,"{'5': 1, '000': 1}",{'5.000': 1}
achievements.csv,1901,"Visit 10,000 Realms.",Besuche 10.000 Reiche.,"{'10': 1, '000': 1}",{'10.000': 1}
achievements.csv,1911,"Open 1,000 treasure chests.",Öffne 1.000 Schatztruhen.,"{'1': 1, '000': 1}",{'1.000': 1}
achievements.csv,1913,"Open 2,500 treasure chests.",Öffne 2.500 Schatztruhen.,"{'2': 1, '500': 1}",{'2.500': 1}
achievements.csv,1915,"Open 5,000 treasure chests.",Öffne 5.000 Schatztruhen.,"{'5': 1, '000': 1}",{'5.000': 1}
achievements.csv,1917,"Open 10,000 treasure chests.",Öffne 10.000 Schatztruhen.,"{'10': 1, '000': 1}",{'10.000': 1}
achievements.csv,1919,"Open 25,000 treasure chests.",Öffne 25.000 Schatztruhen.,"{'25': 1, '000': 1}",{'25.000': 1}
achievements.csv,1921,"Open 50,000 treasure chests.",Öffne 50.000 Schatztruhen.,"{'50': 1, '000': 1}",{'50.000': 1}
achievements.csv,1941,"Gain 1,000 buffs in the overworld.",Erhalte 1.000 Buffs in der Oberwelt.,"{'1': 1, '000': 1}",{'1.000': 1}
achievements.csv,1961,"Afflict enemies with 1,000 debuffs in the overworld.",Füge Feinden 1.000 Debuffs in der Oberwelt zu.,"{'1': 1, '000': 1}",{'1.000': 1}
achievements.csv,1981,"Defeat 1,000 packs of Nemesis Creatures.",Besiege 1.000 Gruppen von Nemesis-Kreaturen.,"{'1': 1, '000': 1}",{'1.000': 1}
achievements.csv,1993,"Use a Divination Candle 1,000 times.",Benutze eine Wahrsagekerze 1.000 Mal.,"{'1': 1, '000': 1}",{'1.000': 1}
achievements.csv,1995,"Use a Divination Candle 2,500 times.",Benutze eine Wahrsagekerze 2.500 Mal.,"{'2': 1, '500': 1}",{'2.500': 1}
achievements.csv,1997,"Use a Divination Candle 5,000 times.",Benutze eine Wahrsagekerze 5.000 Mal.,"{'5': 1, '000': 1}",{'5.000': 1}
achievements.csv,1999,"Use a Divination Candle 7,500 times.",Benutze eine Wahrsagekerze 7.500 Mal.,"{'7': 1, '500': 1}",{'7.500': 1}
achievements.csv,2001,"Use a Divination Candle 10,000 times.",Benutze eine Wahrsagekerze 10.000 Mal.,"{'10': 1, '000': 1}",{'10.000': 1}
achievements.csv,2007,"Break 1,000 destructible objects that yield resources in Realms.","Zerstöre 1.000 zerstörbare Objekte in den Reichen, die Ressourcen abwerfen.","{'1': 1, '000': 1}",{'1.000': 1}
achievements.csv,2009,"Break 2,500 destructible objects that yield resources in Realms.","Zerstöre 2.500 zerbrechliche Objekte, die Ressourcen in den Reichen liefern.","{'2': 1, '500': 1}",{'2.500': 1}
achievements.csv,2011,"Break 5,000 destructible objects that yield resources in Realms.","Zerstöre 5.000 zerbrechliche Objekte, die Ressourcen in den Reichen liefern.","{'5': 1, '000': 1}",{'5.000': 1}
achievements.csv,2013,"Break 10,000 destructible objects that yield resources in Realms.","Zerstöre 10.000 zerstörbare Objekte, die Ressourcen in den Reichen abwerfen.","{'10': 1, '000': 1}",{'10.000': 1}
achievements.csv,2015,"Break 25,000 destructible objects that yield resources in Realms.","Zerstöre 25.000 zerbrechliche Objekte, die Ressourcen in den Reichen abwerfen.","{'25': 1, '000': 1}",{'25.000': 1}
achievements.csv,2017,"Break 50,000 destructible objects that yield resources in Realms.","Zerstöre 50.000 zerbrechliche Objekte, die Ressourcen in den Reichen abwerfen.","{'50': 1, '000': 1}",{'50.000': 1}
achievements.csv,2019,"Break 75,000 destructible objects that yield resources in Realms.","Zerstöre 75.000 zerbrechliche Objekte, die Ressourcen in den Reichen abwerfen.","{'75': 1, '000': 1}",{'75.000': 1}
achievements.csv,2021,"Break 100,000 destructible objects that yield resources in Realms.","Zerstöre 100.000 zerbrechliche Objekte, die Ressourcen in den Reichen liefern.","{'100': 1, '000': 1}",{'100.000': 1}
achievements.csv,2031,"Collect 1,000 resource nodes in Realms.",Sammle 1.000 Ressourcenknoten in den Reichen.,"{'1': 1, '000': 1}",{'1.000': 1}
achievements.csv,2033,"Collect 2,500 resource nodes in Realms.",Sammle 2.500 Ressourcenknoten in den Reichen.,"{'2': 1, '500': 1}",{'2.500': 1}
achievements.csv,2035,"Collect 5,000 resource nodes in Realms.",Sammle 5.000 Ressourcenknoten in den Reichen.,"{'5': 1, '000': 1}",{'5.000': 1}
achievements.csv,2037,"Collect 10,000 resource nodes in Realms.",Sammle 10.000 Ressourcenknoten in den Reichen.,"{'10': 1, '000': 1}",{'10.000': 1}
achievements.csv,2039,"Collect 25,000 resource nodes in Realms.",Sammle 25.000 Ressourcenknoten in den Reichen.,"{'25': 1, '000': 1}",{'25.000': 1}
achievements.csv,2041,"Collect 50,000 resource nodes in Realms.",Sammle 50.000 Ressourcenknoten in den Reichen.,"{'50': 1, '000': 1}",{'50.000': 1}
achievements.csv,2067,"Level up your creatures 1,000 times using the Level Up option at the Fusion Station.",Stufe deine Kreaturen 1.000 Mal mit der Stufenaufstieg-Option an der Fusionsstation auf.,"{'1': 1, '000': 1}",{'1.000': 1}
achievements.csv,2069,"Level up your creatures 2,500 times using the Level Up option at the Fusion Station.",Stufe deine Kreaturen 2.500 Mal mit der Stufenaufstieg-Option an der Fusionsstation auf.,"{'2': 1, '500': 1}",{'2.500': 1}
achievements.csv,2071,"Level up your creatures 5,000 times using the Level Up option at the Fusion Station.",Stufe deine Kreaturen 5.000 Mal mit der Stufenaufstieg-Option an der Fusionsstation auf.,"{'5': 1, '000': 1}",{'5.000': 1}
achievements.csv,2073,"Level up your creatures 10,000 times using the Level Up option at the Fusion Station.",Verbessere deine Kreaturen 10.000 Mal mit der Stufenaufstieg-Option an der Fusionsstation.,"{'10': 1, '000': 1}",{'10.000': 1}
achievements.csv,2075,"Level up your creatures 25,000 times using the Level Up option at the Fusion Station.",Stufe deine Kreaturen 25.000 Mal mit der Stufenaufstieg-Option an der Fusionsstation auf.,"{'25': 1, '000': 1}",{'25.000': 1}
achievements.csv,2077,"Level up your creatures 100,000 times using the Level Up option at the Fusion Station.",Stufe deine Kreaturen 100.000 Mal mit der Stufenaufstieg-Option an der Fusionsstation auf.,"{'100': 1, '000': 1}",{'100.000': 1}
achievements.csv,2079,"Level up your creatures 250,000 times using the Level Up option at the Fusion Station.",Stufe deine Kreaturen 250.000 Mal mit der Stufenaufstieg-Option an der Fusionsstation auf.,"{'250': 1, '000': 1}",{'250.000': 1}
achievements.csv,2101,"Socket your Artifacts 1,000 times.",Sockle deine Artefakte 1.000 Mal.,"{'1': 1, '000': 1}",{'1.000': 1}
achievements.csv,2113,"Upgrade your Artifacts 1,000 times.",Verbessere deine Artefakte 1.000 Mal.,"{'1': 1, '000': 1}",{'1.000': 1}
achievements.csv,2115,"Upgrade your Artifacts 2,500 times.",Verbessere deine Artefakte 2.500 Mal.,"{'2': 1, '500': 1}",{'2.500': 1}
achievements.csv,2117,"Upgrade your Artifacts 5,000 times.",Verbessere deine Artefakte 5.000 Mal.,"{'5': 1, '000': 1}",{'5.000': 1}
achievements.csv,2119,"Upgrade your Artifacts 7,500 times.",Verbessere deine Artefakte 7.500 Mal.,"{'7': 1, '500': 1}",{'7.500': 1}
achievements.csv,2121,"Upgrade your Artifacts 10,000 times.",Verbessere deine Artefakte 10.000 Mal.,"{'10': 1, '000': 1}",{'10.000': 1}
achievements.csv,2141,"Use Field Items 1,000 times.",Benutze Feldgegenstände 1.000 Mal.,"{'1': 1, '000': 1}",{'1.000': 1}
achievements.csv,2149,"Obtain 1,000 Stat Materials.",Sammle 1.000 Statusmaterialien.,"{'1': 1, '000': 1}",{'1.000': 1}
achievements.csv,2151,"Obtain 2,500 Stat Materials.",Sammle 2.500 Statusmaterialien.,"{'2': 1, '500': 1}",{'2.500': 1}
achievements.csv,2153,"Obtain 5,000 Stat Materials.",Erhalte 5.000 Statusmaterialien.,"{'5': 1, '000': 1}",{'5.000': 1}
achievements.csv,2155,"Obtain 10,000 Stat Materials.",Sammle 10.000 Statusmaterialien.,"{'10': 1, '000': 1}",{'10.000': 1}
achievements.csv,2157,"Obtain 25,000 Stat Materials.",Erhalte 25.000 Statusmaterialien.,"{'25': 1, '000': 1}",{'25.000': 1}
achievements.csv,2159,"Obtain 50,000 Stat Materials.",Erhalte 50.000 Statusmaterialien.,"{'50': 1, '000': 1}",{'50.000': 1}
achievements.csv,2161,"Obtain 100,000 Stat Materials.",Erhalte 100.000 Statusmaterialien.,"{'100': 1, '000': 1}",{'100.000': 1}
achievements.csv,2175,"Obtain 1,000 Trick Materials.",Sammle 1.000 Trick-Materialien.,"{'1': 1, '000': 1}",{'1.000': 1}
achievements.csv,2177,"Obtain 2,500 Trick Materials.",Sammle 2.500 Trick-Materialien.,"{'2': 1, '500': 1}",{'2.500': 1}
achievements.csv,2179,"Obtain 5,000 Trick Materials.",Sammle 5.000 Trick-Materialien.,"{'5': 1, '000': 1}",{'5.000': 1}
achievements.csv,2181,"Obtain 10,000 Trick Materials.",Sammle 10.000 Trick-Materialien.,"{'10': 1, '000': 1}",{'10.000': 1}
achievements.csv,2195,"Obtain 1,000 Spell Gem Crafting Materials.",Sammle 1.000 Zauberstein-Herstellungsmaterialien.,"{'1': 1, '000': 1}",{'1.000': 1}
achievements.csv,2197,"Obtain 2,500 Spell Gem Crafting Materials.",Erhalte 2.500 Zauberstein-Herstellungsmaterialien.,"{'2': 1, '500': 1}",{'2.500': 1}
achievements.csv,2199,"Obtain 5,000 Spell Gem Crafting Materials.",Sammle 5.000 Zauberstein-Herstellungsmaterialien.,"{'5': 1, '000': 1}",{'5.000': 1}
achievements.csv,2201,"Obtain 10,000 Spell Gem Crafting Materials.",Sammle 10.000 Zauberstein-Herstellungsmaterialien.,"{'10': 1, '000': 1}",{'10.000': 1}
achievements.csv,2219,"Obtain 1,000 Trait Materials.",Sammle 1.000 Merkmalsmaterialien.,"{'1': 1, '000': 1}",{'1.000': 1}
achievements.csv,2221,"Obtain 2,500 Trait Materials.",Erhalte 2.500 Merkmalsmaterialien.,"{'2': 1, '500': 1}",{'2.500': 1}
achievements.csv,2261,"Enchant your Spell Gems 1,000 times.",Verzaubere deine Zaubersteine 1.000 Mal.,"{'1': 1, '000': 1}",{'1.000': 1}
achievements.csv,2273,"Upgrade your Spell Gems 1,000 times.",Verbessere deine Zaubersteine 1.000 Mal.,"{'1': 1, '000': 1}",{'1.000': 1}
achievements.csv,2275,"Upgrade your Spell Gems 2,500 times.",Verbessere deine Zaubersteine 2.500 Mal.,"{'2': 1, '500': 1}",{'2.500': 1}
achievements.csv,2277,"Upgrade your Spell Gems 5,000 times.",Verbessere deine Zaubersteine 5.000 Mal.,"{'5': 1, '000': 1}",{'5.000': 1}
achievements.csv,2279,"Upgrade your Spell Gems 7,500 times.",Verbessere deine Zaubersteine 7.500 Mal.,"{'7': 1, '500': 1}",{'7.500': 1}
achievements.csv,2281,"Upgrade your Spell Gems 10,000 times.",Verbessere deine Zaubersteine 10.000 Mal.,"{'10': 1, '000': 1}",{'10.000': 1}
achievements.csv,2333,"Level up a creature to 1,000.",Verbessere eine Kreatur auf 1.000.,"{'1': 1, '000': 1}",{'1.000': 1}
achievements.csv,2335,"Level up a creature to 2,500.",Verbessere eine Kreatur auf 2.500.,"{'2': 1, '500': 1}",{'2.500': 1}
achievements.csv,2337,"Level up a creature to 5,000.",Verbessere eine Kreatur auf 5.000.,"{'5': 1, '000': 1}",{'5.000': 1}
achievements.csv,2339,"Level up a creature to 7,500.",Verbessere eine Kreatur auf 7.500.,"{'7': 1, '500': 1}",{'7.500': 1}
achievements.csv,2341,"Level up a creature to 10,000.",Verbessere eine Kreatur auf 10.000.,"{'10': 1, '000': 1}",{'10.000': 1}
achievements.csv,2381,"Obtain 1,000 creatures in your Bestiary.",Sammle 1.000 Kreaturen in deinem Bestiarium.,"{'1': 1, '000': 1}",{'1.000': 1}
achievements.csv,2421,"Enter a Realm at depth 1,000 or higher.",Betritt ein Reich auf Tiefe 1.000 oder höher.,"{'1': 1, '000': 1}",{'1.000': 1}
achievements.csv,2461,"Attain Rank S Knowledge with 1,000 creatures.",Erlange Rang-S-Wissen mit 1.000 Kreaturen.,"{'1': 1, '000': 1}",{'1.000': 1}
achievements.csv,2501,"Obtain 1,000 decorations.",Sammle 1.000 Dekorationen.,"{'1': 1, '000': 1}",{'1.000': 1}
achievements.csv,2741,"Win 1,000 arena battles.",Gewinne 1.000 Arena-Kämpfe.,"{'1': 1, '000': 1}",{'1.000': 1}
achievements.csv,8672,Earning 5740-NG,{RELIC_ROBO} freischalten,{'5740': 1},{}
achievements.csv,9500,Empowering 5740-NG I,{RELIC_ROBO} verstärken I,{'5740': 1},{}
achievements.csv,9502,Empowering 5740-NG II,{RELIC_ROBO} verstärken II,{'5740': 1},{}
achievements.csv,9504,Empowering 5740-NG III,{RELIC_ROBO} verstärken III,{'5740': 1},{}
achievements.csv,9506,Empowering 5740-NG IV,{RELIC_ROBO} verstärken IV,{'5740': 1},{}
achievements.csv,9508,Empowering 5740-NG V,{RELIC_ROBO} verstärken V,{'5740': 1},{}
achievements.csv,9510,Empowering 5740-NG VI,{RELIC_ROBO} verstärken VI,{'5740': 1},{}
achievements.csv,9512,Empowering 5740-NG VII,{RELIC_ROBO} verstärken VII,{'5740': 1},{}
achievements.csv,9514,Empowering 5740-NG VIII,{RELIC_ROBO} verstärken VIII,{'5740': 1},{}
achievements.csv,9516,Empowering 5740-NG IX,{RELIC_ROBO} verstärken IX,{'5740': 1},{}
achievements.csv,9518,Empowering 5740-NG X,{RELIC_ROBO} verstärken X,{'5740': 1},{}
achievements.csv,10201,"Collect 10,000 Glamour.",Sammle 10.000 Glamour.,"{'10': 1, '000': 1}",{'10.000': 1}
achievements.csv,10203,"Collect 100,000 Glamour.",Sammle 100.000 Glamour.,"{'100': 1, '000': 1}",{'100.000': 1}
achievements.csv,10205,"Collect 500,000 Glamour.",Sammle 500.000 Glamour.,"{'500': 1, '000': 1}",{'500.000': 1}
achievements.csv,10207,"Collect 1,000,000 Glamour.",Sammle 1.000.000 Glamour.,"{'1': 1, '000': 2}","{'1.000': 1, '000': 1}"
achievements.csv,10209,"Collect 2,000,000 Glamour.",Sammle 2.000.000 Glamour.,"{'2': 1, '000': 2}","{'2.000': 1, '000': 1}"
achievements.csv,10211,"Collect 3,000,000 Glamour.",Sammle 3.000.000 Glamour.,"{'3': 1, '000': 2}","{'3.000': 1, '000': 1}"
achievements.csv,10213,"Collect 4,000,000 Glamour.",Sammle 4.000.000 Glamour.,"{'4': 1, '000': 2}","{'4.000': 1, '000': 1}"
achievements.csv,10215,"Collect 5,000,000 Glamour.",Sammle 5.000.000 Glamour.,"{'5': 1, '000': 2}","{'5.000': 1, '000': 1}"
achievements.csv,10217,"Collect 7,500,000 Glamour.",Sammle 7.500.000 Glamour.,"{'7': 1, '500': 1, '000': 1}","{'7.500': 1, '000': 1}"
achievements.csv,10219,"Collect 10,000,000 Glamour.",Sammle 10.000.000 Glamour.,"{'10': 1, '000': 2}","{'10.000': 1, '000': 1}"
bosses.csv,305,"There are over 5,000 ways to utterly humiliate you contained within my pages. Are you SURE you want to fight me?","Es gibt über 5.000 Möglichkeiten, dich völlig zu demütigen, in meinen Seiten. Bist du dir SICHER, dass du gegen mich kämpfen willst?","{'5': 1, '000': 1}",{'5.000': 1}
bosses.csv,583,ANALYSIS COMPLETE. PROBABILITY OF YOUR SURVIVAL: 0.0%. RECOMMENDATION: ACCEPT YOUR FATE QUIETLY.,"ANALYSE ABGESCHLOSSEN. WAHRSCHEINLICHKEIT DEINES ÜBERLEBENS: 0,0%. EMPFEHLUNG: AKZEPTIERE DEIN SCHICKSAL OHNE WIDERSTAND.",{'0.0%': 1},"{'0': 1, '0%': 1}"
cards.csv,383,Your creatures take 0.5% less damage from attacks for each buff they have.,"Deine Kreaturen erleiden 0,5% weniger Schaden durch Angriffe für jeden Buff, den sie haben.",{'0.5%': 1},"{'0': 1, '5%': 1}"
cards.csv,384,Your creatures take 0.5% less damage from spells for each buff they have.,"Deine Kreaturen erleiden 0,5% weniger Schaden durch Zauber für jeden Buff, den sie haben.",{'0.5%': 1},"{'0': 1, '5%': 1}"
cards.csv,385,Your creatures take 0.5% less indirect damage for each buff they have.,"Deine Kreaturen erleiden 0,5% weniger indirekten Schaden für jeden Buff, den sie haben.",{'0.5%': 1},"{'0': 1, '5%': 1}"
items.csv,2965,"10,000-Notched Axe",10.000-Kerbenaxt,"{'10': 1, '000': 1}",{'10.000': 1}
overworld.csv,337,Your creatures gained +0.1% Attack Damage!,"Deine Kreaturen haben +0,1% Angriffsschaden erhalten!",{'0.1%': 1},"{'0': 1, '1%': 1}"
overworld.csv,338,Your creatures gained +0.1% Critical Chance!,"Deine Kreaturen haben +0,1% kritische Trefferchance erhalten!",{'0.1%': 1},"{'0': 1, '1%': 1}"
overworld.csv,339,Your creatures gained +0.1% Critical Damage!,"Deine Kreaturen haben +0,1% kritischen Schaden erhalten!",{'0.1%': 1},"{'0': 1, '1%': 1}"
overworld.csv,340,Your creatures gained +0.1% Stat Reduction Effects!,"Deine Kreaturen haben +0,1% Statusreduktionseffekte erhalten!",{'0.1%': 1},"{'0': 1, '1%': 1}"
overworld.csv,341,Your creatures gained +0.1% Minion Damage!,"Deine Kreaturen haben +0,1% Dienerschaden erhalten!",{'0.1%': 1},"{'0': 1, '1%': 1}"
overworld.csv,342,Your creatures gained +0.1% Debuff Potency!,"Deine Kreaturen haben +0,1% Debuff-Effektstärke erhalten!",{'0.1%': 1},"{'0': 1, '1%': 1}"
overworld.csv,343,Your creatures gained -0.1% Damage From Attacks/Spells!,"Deine Kreaturen erhalten -0,1% Schaden durch Angriffe/Zauber!",{'0.1%': 1},"{'0': 1, '1%': 1}"
overworld.csv,344,Your creatures gained +0.1% Healing Given!,"Deine Kreaturen haben +0,1% Heilung Gegeben erhalten!",{'0.1%': 1},"{'0': 1, '1%': 1}"
overworld.csv,345,Your creatures gained +0.1% Healing Received!,"Deine Kreaturen haben +0,1% erhaltene Heilung erhalten!",{'0.1%': 1},"{'0': 1, '1%': 1}"
overworld.csv,346,Your creatures gained +0.1% Dodge Chance!,"Deine Kreaturen haben +0,1% Ausweichchance erhalten!",{'0.1%': 1},"{'0': 1, '1%': 1}"
overworld.csv,347,Your creatures gained +0.1% Stat Increasing Effects!,"Deine Kreaturen haben +0,1% Attribut-Steigerungseffekte erhalten!",{'0.1%': 1},"{'0': 1, '1%': 1}"
overworld.csv,348,Your creatures gained -0.1% Indirect Damage Taken!,"Deine Kreaturen erhalten -0,1% erlittenen indirekten Schaden!",{'0.1%': 1},"{'0': 1, '1%': 1}"
overworld.csv,349,Your creatures gained +0.1% Spell Damage!,"Deine Kreaturen haben +0,1% Zauberschaden erhalten!",{'0.1%': 1},"{'0': 1, '1%': 1}"
overworld.csv,350,Your creatures gained +0.1% Spell Healing!,"Deine Kreaturen haben +0,1% Zauberheilung erhalten!",{'0.1%': 1},"{'0': 1, '1%': 1}"
overworld.csv,351,Your creatures gained +0.1% Spell Stat Modification!,"Deine Kreaturen haben +0,1% Zauberstatistik-Modifikation erhalten!",{'0.1%': 1},"{'0': 1, '1%': 1}"
perks.csv,369,Your creatures deal 2% more damage and take 1.5% less damage for each debuff each enemy has.,"Deine Kreaturen verursachen 2% mehr Schaden und erleiden 1,5% weniger Schaden für jeden Debuff, den jeder Gegner hat.","{'2%': 1, '1.5%': 1}","{'2%': 1, '1': 1, '5%': 1}"
personality.csv,865,"(Legend has it that if you manage to kill exactly 65,340,285 Rengases, you'll ascend to godhood.)","(Der Legende nach wirst du zur Gottheit aufsteigen, wenn es dir gelingt, genau 65.340.285 Rengase zu töten.)","{'65': 1, '340': 1, '285': 1}","{'65.340': 1, '285': 1}"
spells.csv,265,"Random enemies take a moderate amount of damage 3 times, plus 2 more times for each dead creature on the battlefield.","Zufällige Feinde erleiden dreimal moderaten Schaden, plus zweimal mehr für jede tote Kreatur auf dem Schlachtfeld.","{'3': 1, '2': 1}",{}
spells.csv,955,Enemies take a moderate amount of damage 4 times.,Gegner erleiden viermal moderaten Schaden.,{'4': 1},{}
spells.csv,1189,Enemies take a moderate amount of damage 2 times.,Gegner erleiden zweimal moderaten Schaden.,{'2': 1},{}
traits.csv,335,Enemies take 0.5% more damage for every 1% {STAT_health} they have. This trait does not stack.,"Feinde erleiden 0,5% mehr Schaden für jedes 1% {STAT_health}, das sie haben. Dieses Merkmal ist nicht kumulativ.","{'0.5%': 1, '1%': 1}","{'0': 1, '5%': 1, '1%': 1}"
traits.csv,839,Your creatures {ACTION_cast} spells 0.5 additional times (rounded down) for each {RACE_Familiar} fighting on your side. This trait does not stack.,"Deine Kreaturen {ACTION_cast} Zauber 0,5 zusätzliche Male (abgerundet) für jeden {RACE_Familiar}, der auf deiner Seite kämpft. Dieses Merkmal ist nicht kumulativ.",{'0.5': 1},"{'0': 1, '5': 1}"
traits.csv,1157,"At the start of this creature's turn, it deals damage to enemies equal to 1% of their Current {STAT_health} for every 0.5% of {STAT_health} this creature is missing. The damage cannot exceed 35% of each creature's Current {STAT_health}.","Zu Beginn des Zuges dieser Kreatur fügt sie Gegnern Schaden zu, der 1% ihres Aktuellen {STAT_health} für je 0,5% {STAT_health} entspricht, die dieser Kreatur fehlen. Der Schaden kann 35% des Aktuellen {STAT_health} jeder Kreatur nicht überschreiten.","{'1%': 1, '0.5%': 1, '35%': 1}","{'1%': 1, '0': 1, '5%': 1, '35%': 1}"
traits.csv,2526,Your creatures {ACTION_cast} 0.5 additional times for each {RACE_Imp} creature fighting on your side. This trait does not stack.,"Deine Kreaturen {ACTION_cast} 0,5 zusätzliche Male für jede {RACE_Imp} Kreatur, die auf deiner Seite kämpft. Dieses Merkmal ist nicht kumulativ.",{'0.5': 1},"{'0': 1, '5': 1}"
traits.csv,2716,Enemies always have {CONDNAME_DEBUFF_SCORN}. This debuff switches back and forth with {CONDNAME_DEBUFF_SILENCE} at the start of this creature's turn. Enemies can only {ACTION_attack} and {ACTION_cast} spells 1 time per turn.,Feinde haben immer {CONDNAME_DEBUFF_SCORN}. Dieser Debuff wechselt zu Beginn des Zuges dieser Kreatur zwischen {CONDNAME_DEBUFF_SCORN} und {CONDNAME_DEBUFF_SILENCE}. Feinde können pro Zug nur 1 Mal {ACTION_attack} und nur 1 Mal einen Zauber {ACTION_cast}.,{'1': 1},{'1': 2}
traits.csv,3254,Your creatures' attacks ignore 2.5% of the enemies' {STAT_defense} for each {RACE_Yeti} creature fighting on your side. This bonus is doubled if the enemy is afflicted with {CONDNAME_DEBUFF_FROZEN}. This trait does not stack.,"Deine Kreaturen ignorieren 2,5% der {STAT_defense} der Feinde für jede {RACE_Yeti} Kreatur, die auf deiner Seite kämpft. Dieser Bonus wird verdoppelt, wenn der Feind von {CONDNAME_DEBUFF_FROZEN} betroffen ist. Dieses Merkmal ist nicht kumulativ.",{'2.5%': 1},"{'2': 1, '5%': 1}"
traits.csv,3340,"This creature's on-attack, on-cast, on-defend, and on-provoke effects have a 50% chance to activate 1 additional time.","Diese Kreatur hat eine 50% Chance, dass ihre Effekte bei Angriff, Zauber, Verteidigung und Provokation ein zusätzliches Mal aktiviert werden.","{'50%': 1, '1': 1}",{'50%': 1}
traits.csv,4136,"At the start of battle, this creature's spells with the ""Cascading"" property gain 4 additional maximum {STAT_charges} for each unique class among your creatures. Does not work on {SPELL_ultimate}s.","Diese Kreatur\'s Zauber mit der Eigenschaft ""Kaskadierend"" haben 3 zusätzliche maximale {STAT_charges} für jede einzigartige Klasse unter deinen Kreaturen. Funktioniert nicht bei {SPELL_ultimate}.",{'4': 1},{'3': 1}
