file,line,english,german
achievements.csv,3235,Max out all of a specialization's perks.,Schalte alle Vorteile einer Spezialisierung vollständig frei.
achievements.csv,3281,Max out one of your specialization's perks.,Maximiere einen der Vorteile deiner Spezialisierung.
battle.csv,148,Perk Gained:\n{1},Vorteil erhalten:\n{1}
codex.csv,144,"When you enter a new Realm, you will be assigned a randomly generated Realm Quest. These are small, bite-sized quests that you must complete in that same Realm before you can move on to the next one.\n\nAfter you complete a Realm Quest, you'll receive some rewards, and then you can find the Teleportation Shrine to travel to a new Realm. Completing Realm Quests is the only way to earn Perk Points for your specialization.","Wenn du ein neues Reich betrittst, wird dir eine zufällig generierte Reichsquest zugewiesen. Dies sind kleine, leicht verdauliche Quests, die du in demselben Reich abschließen musst, bevor du zum nächsten weitergehen kannst.\n\nNachdem du eine Reichsquest abgeschlossen hast, erhältst du einige Belohnungen und kannst dann den Teleportationsschrein finden, um zu einem neuen Reich zu reisen. Das Abschließen von Reichsquests ist die einzige Möglichkeit, Fertigkeitspunkte für deine Spezialisierung zu verdienen."
codex.csv,160,"Spell Gems are items that can be equipped to your creatures in order to allow them to cast a spell in battle.\n\nBy default, creatures can equip up to 3 Spell Gems at a time, and no more than one of the same spell can be equipped at once. In addition, creatures can only cast Spell Gems that belong to their own class. However, all of these limits can be changed or removed with the help of certain Spell Gem properties, creature traits, specialization perks, and more. At most, a creature can have 18 Spell Gems equipped with the help of these bonuses.\n\nSpell Gems have a certain number of {STAT_charges}. Each time the Spell Gem is used, it loses 1 {STAT_charge}, and if the Spell Gem runs out of {STAT_charges}, that gem cannot be used again until they are restored. Spell Gems regenerate all their {STAT_charges} at the start of each Realm.","Zaubersteine sind Gegenstände, die an deine Kreaturen ausgerüstet werden können, um ihnen das Wirken von Zaubern im Kampf zu ermöglichen.\n\nStandardmäßig können Kreaturen bis zu 3 Zaubersteine gleichzeitig ausrüsten, und es kann nicht mehr als ein Edelstein desselben Zaubers auf einmal ausgerüstet werden. Außerdem können Kreaturen nur Zaubersteine wirken, die zu ihrer eigenen Klasse gehören. All diese Beschränkungen können jedoch mit Hilfe bestimmter Zauberstein-Merkmale, Kreaturenmerkmale, Spezialisierungsvorteile und mehr geändert oder aufgehoben werden. Maximal kann eine Kreatur mit Hilfe dieser Boni 18 Zaubersteine ausgerüstet haben.\n\nZaubersteine haben eine bestimmte Anzahl an {STAT_charges}. Jedes Mal, wenn der Zauberstein verwendet wird, verliert er 1 {STAT_charge}, und wenn dem Zauberstein die {STAT_charges} ausgehen, kann dieser Edelstein nicht mehr verwendet werden, bis sie wiederhergestellt sind. Zaubersteine regenerieren alle ihre {STAT_charges} zu Beginn jedes Reiches."
codex.csv,190,"Several traits, perks, and other effects activate at the start of battle. These effects are executed in the following order:\n\n1) Traits are granted, then shared with other creatures if applicable.\n2) Classes and races are changed.\n3) Spell Gems are granted.\n4) Buffs, debuffs, and minions are granted.\n5) Stats are increased.\n6) Stats are decreased.\n7) The battle starts.\n8) Creatures attack.\n9) Creatures cast spells.\n\nNote that the battle only truly starts at #6. This means that, for example, on-buff effects won't activate at the start of battle.","Mehrere Merkmale, Vorteile und andere Effekte werden zu Beginn des Kampfes aktiviert. Diese Effekte werden in der folgenden Reihenfolge ausgeführt:\n\n1) Merkmale werden gewährt und dann mit anderen Kreaturen geteilt, falls zutreffend.\n2) Klassen und Rassen werden geändert.\n3) Zaubersteine werden gewährt.\n4) Buffs, Debuffs und Diener werden gewährt.\n5) Werte werden erhöht.\n6) Werte werden verringert.\n7) Der Kampf beginnt.\n8) Kreaturen greifen an.\n9) Kreaturen wirken Zauber.\n\nBeachte, dass der Kampf erst bei #6 wirklich beginnt. Das bedeutet zum Beispiel, dass Buff-Effekte nicht zu Beginn des Kampfes aktiviert werden."
codex.csv,194,"While your character does not fight directly in battle, it supports your creatures with its specialization perks, cards, knowledge, and much more.\n\nThis guide will explain how you can customize your character, as well as unlock new benefits to aid your creatures in battle.","Obwohl dein Charakter nicht direkt im Kampf kämpft, unterstützt er deine Kreaturen mit seinen Spezialisierungsvorteilen, Karten, Wissen und vielem mehr.\n\nDieser Leitfaden erklärt, wie du deinen Charakter anpassen und neue Vorteile freischalten kannst, um deine Kreaturen im Kampf zu unterstützen."
codex.csv,195,"At the start of the game, you chose one of 15 different specializations. Each specialization offers several perks that change the way your creatures fight in battle. After you gain the ability to take on Projects, you can unlock all the other specializations in the game and switch to them at any time at the Enchanted Wardrobe.\n\nIn order to unlock and upgrade your perks, you must earn Perk Points by completing Realm Quests at the highest Realm Depth you've ever visited.","Zu Beginn des Spiels wählst du eine von 15 verschiedenen Spezialisierungen. Jede Spezialisierung bietet mehrere Vorteile, die die Kampfweise deiner Kreaturen verändern. Nachdem du die Fähigkeit erlangt hast, Projekte zu übernehmen, kannst du alle anderen Spezialisierungen im Spiel freischalten und jederzeit am Verzauberten Kleiderschrank zwischen ihnen wechseln.\n\nUm deine Vorteile freizuschalten und zu verbessern, musst du Vorteilspunkte verdienen, indem du Reichquests in der höchsten Reichtiefe abschließt, die du je besucht hast."
codex.csv,220,"Each god has a corresponding Relic for you to unlock. Relics can be upgraded with Piety. As a Relic's rank increases, it will confer a stronger stat bonus to the creature it is attuned to. In addition, every 10 ranks (up to rank 100) grant the attuned creature an additional perk. You can continue to upgrade a Relic past rank 100, but only its stat bonus will increase.","Jeder Gott besitzt eine entsprechende Reliquie, die du freischalten kannst. Reliquien können mit Frömmigkeit aufgewertet werden. Mit steigendem Rang gewährt eine Reliquie der auf sie abgestimmten Kreatur einen stärkeren Attributsbonus. Zusätzlich erhält die abgestimmte Kreatur alle 10 Ränge (bis Rang 100) einen zusätzlichen Vorteil. Du kannst eine Reliquie über Rang 100 hinaus aufwerten, danach erhöht sich jedoch nur noch ihr Attributsbonus."
codex.csv,231,"If you defeat the god of each Realm (30 in total) at Difficulty 10 or higher with the same specialization, you will Ascend in that specialization. Ascension unlocks an exclusive creature skin, a decoration, and a unique perk.\n\nYou can see which gods you've defeated at Difficulty 10 or higher with your current specialization by viewing the Gate of the Gods menu. A yellow star will appear next to the gods you've defeated.","Wenn du den Gott jedes Reiches (insgesamt 30) auf Schwierigkeitsstufe 10 oder höher mit derselben Spezialisierung besiegst, wirst du in dieser Spezialisierung Aufsteigen. Der Aufstieg schaltet ein exklusives Kreatur-Aussehen, eine Dekoration und einen einzigartigen Vorteil frei.\n\nDu kannst sehen, welche Götter du auf Schwierigkeitsstufe 10 oder höher mit deiner aktuellen Spezialisierung besiegt hast, indem du das Tor-der-Götter-Menü betrachtest. Ein gelber Stern erscheint neben den Göttern, die du besiegt hast."
codex.csv,235,"After you defeat a False God, you'll be able to choose from several different Anointments to keep. Anointments allow you to utilize perks from other specializations even if your character is of a different specialization. You can have up to 5 Anointments equipped at a time.\n\nNormally, False Gods will drop 3 Anointments and you can choose to keep one of them. However, if you use Runes that increase the False God's power, you will be rewarded with a larger pool of Anointments to choose from.\n\nSome specializations' perks do not have Anointments associated with them.","Nachdem du einen Falschen Gott besiegst, kannst du aus verschiedenen Salbungen wählen, die du behalten möchtest. Salbungen erlauben dir, Vorteile anderer Spezialisierungen zu nutzen, selbst wenn dein Charakter eine andere Spezialisierung hat. Du kannst bis zu 5 Salbungen gleichzeitig ausgerüstet haben.\n\nNormalerweise lassen Falsche Götter 3 Salbungen fallen, von denen du eine behalten kannst. Wenn du jedoch Runen verwendest, die die Macht des Falschen Gottes erhöhen, wirst du mit einer größeren Auswahl an Salbungen belohnt.\n\nEinige Vorteile von Spezialisierungen haben keine zugehörigen Salbungen."
dialog.csv,175,Congratulations! You have Ascended your {1} specialization!\n\nYou now have access to a powerful new perk as well as an exclusive decoration and creature skin.,Glückwunsch! Du hast deine {1}-Spezialisierung aufgestiegen!\n\nDu hast jetzt Zugang zu einem mächtigen neuen Vorteil sowie einer exklusiven Dekoration und einem Kreatur-Skin.
items.csv,1863,Perk Point,Fertigkeitspunkt
perks.csv,5,<5>% of your creatures' chance to dodge attacks is applied to spells as well. This perk ignores independent chances to dodge attacks granted by other effects.,"<5>% der Ausweichchance deiner Kreaturen gegen Angriffe wird auch auf Zauber angewendet. Dieser Vorteil ignoriert unabhängige Ausweichchancen gegen Angriffe, die durch andere Effekte gewährt werden."
perks.csv,137,"Your creatures deal 5% more damage and take 5% less damage for each battle you've won in the current realm. If you're not in a realm, this perk acts as if you've won 8 battles.","Deine Kreaturen verursachen 5% mehr Schaden und erleiden 5% weniger Schaden für jeden Kampf, den du im aktuellen Reich gewonnen hast. Wenn du dich nicht in einem Reich befindest, wirkt dieser Vorteil, als hättest du 8 Kämpfe gewonnen."
perks.csv,299,You can have <1>  additional creature(s) in your group without it counting against other {SPEC_DRUID} perks.,"Du kannst <1> zusätzliche Kreatur(en) in deiner Gruppe haben, ohne dass dies gegen andere {SPEC_DRUID} Vorteile zählt."
perks.csv,533,"If your creatures have at least 5 buffs when they are killed, they are resurrected with 25% {STAT_health}. The number of buffs required for this perk to activate increases by 1 each time it activates.","Wenn deine Kreaturen mindestens 5 Buffs haben, wenn sie getötet werden, werden sie mit 25% {STAT_health} wiederbelebt. Die Anzahl der benötigten Buffs für diesen Vorteil erhöht sich um 1 jedes Mal, wenn er aktiviert wird."
perks.csv,615,Your creatures' traits are active even while they're dead. This perk does not affect traits that cause creatures to intercept or take damage in place of their allies.,"Deine Kreaturen-Merkmale sind auch aktiv, während sie tot sind. Dieser Vorteil betrifft keine Merkmale, die Kreaturen dazu bringen, zu blocken oder Schaden anstelle ihrer Verbündeten zu erleiden."
perks.csv,651,"Your Herbling has 3% more stats (other than {STAT_health}) for each time it has received healing, gained stats, received buffs or minions, or has been resurrected in battle. Every 15% stats earned through this perk causes the Herbling to evolve to a higher Tier at the start of its turn.","Dein Herbling hat 3% mehr Attribute (außer {STAT_health}) für jedes Mal, wenn er Heilung erhalten, Attribute gewonnen, Buffs oder Diener erhalten hat oder im Kampf wiederbelebt wurde. Für jeweils 15% Attribute, die durch diesen Vorteil erworben wurden, entwickelt sich der Herbling zu Beginn seines Zuges zu einer höheren Stufe."
perks.csv,667,"After one of your creatures is afflicted with a debuff, your Herbling {ACTION_casts} [icons,1976]Nutrition on it. This perk can activate once per turn.","Nachdem eines deiner Kreaturen mit einem Debuff belegt wurde, {ACTION_casts} dein Herbling [icons,1976]Ernährung auf sie. Dieser Vorteil kann einmal pro Zug aktiviert werden."
perks.csv,891,"Your creatures' Nether Stones are <5>% more powerful. This perk does not affect a Nether Stone's traits, spells, or any [slot_trick] Trick Slots that increase a creature's maximum number of Spell Gem slots.","Deine Kreaturen-Nethersteine sind <5>% mächtiger. Dieser Vorteil wirkt sich nicht auf die Merkmale eines Nethersteins, Zauber oder [slot_trick] Trick-Slots aus, die die maximale Anzahl an Zauberstein-Slots einer Kreatur erhöhen."
perks.csv,895,Effects that activate when creatures die are ignored. This perk does not affect the [perks_bornagain] Born Again perk. This perk does not work in boss battles.,"Effekte, die beim Tod von Kreaturen aktiviert werden, werden ignoriert. Dieser Vorteil beeinflusst nicht den Vorteil [perks_bornagain] Born Again. Dieser Vorteil funktioniert nicht in Bosskämpfen."
perks.csv,933,"At the start of each enemy's turn, there is a 10% chance that your [sorc_sorcerer_spellofroots] Spell of Roots, [sorc_sorcerer_spellofslumber] Spell of Slumber, and [sorc_sorcerer_deepfreeze] Spell of Frost perks will activate. This chance is increased by an additional 10% each turn. After this perk activates, the chance is set back to 10%.","Zu Beginn jedes Zuges eines Feindes besteht eine 10% Chance, dass deine [sorc_sorcerer_spellofroots] Zauber der Wurzeln, [sorc_sorcerer_spellofslumber] Zauber des Schlummers und [sorc_sorcerer_deepfreeze] Zauber des Frosts Vorteile aktiviert werden. Diese Chance erhöht sich um zusätzliche 10% pro Zug. Nachdem dieser Vorteil aktiviert wurde, wird die Chance auf 10% zurückgesetzt."
perks.csv,1021,The chance for your {SPEC_MIME} perks to activate is doubled.,"Die Chance, dass deine {SPEC_MIME} Vorteile aktiviert werden, ist verdoppelt."
perks.csv,1085,"If your creatures have been resurrected at least 3 times in battle, their traits are active even while they're dead. This perk does not affect traits that cause creatures to intercept or take damage in place of their allies.","Wenn deine Kreaturen mindestens 3 Mal im Kampf wiederbelebt wurden, sind ihre Merkmale auch dann aktiv, wenn sie tot sind. Dieser Vorteil betrifft keine Merkmale, die dazu führen, dass Kreaturen abfangen oder Schaden anstelle ihrer Verbündeten erleiden."
perks.csv,1159,"You have a 25% increased chance to find Nether Stones. This perk is always active, even if your specialization is not {SPEC_PARIAH}.","Du hast eine 25% erhöhte Chance, Nethersteine zu finden. Dieser Vorteil ist immer aktiv, auch wenn deine Spezialisierung nicht {SPEC_PARIAH} ist."
perks.csv,1163,"You have a 100% increased chance to find Skins. This perk is always active, even if your specialization is not {SPEC_DEPRIVED}.","Du hast eine um 100% erhöhte Chance, Skins zu finden. Dieser Vorteil ist immer aktiv, auch wenn deine Spezialisierung nicht {SPEC_DEPRIVED} ist."
perks.csv,1173,"Your creatures' Nether Stones are <5>% more powerful. This perk does not affect a Nether Stone's traits, spells, or any [slot_trick] Trick Slots that increase a creature's maximum number of Spell Gem slots.","Deine Kreaturen-Nethersteine sind <5>% mächtiger. Dieser Vorteil wirkt sich nicht auf die Merkmale eines Nethersteins, Zauber oder [slot_trick] Trick-Slots aus, die die maximale Anzahl an Zauberstein-Slots einer Kreatur erhöhen."
perks.csv,1255,"After your creatures {ACTION_attack} an enemy that is {ACTION_defending} or if the enemy dodges, they {ACTION_cast} one of their spells that interacts with debuffs on the enemy. This perk can only activate once per creature per turn.","Nachdem deine Kreaturen einen Feind {ACTION_attack}, der {ACTION_defending} ist, oder wenn der Feind ausweicht, {ACTION_cast} sie einen ihrer Zauber, der mit Debuffs auf dem Feind interagiert. Dieser Vorteil kann nur einmal pro Kreatur pro Runde aktiviert werden."
perks.csv,1317,"Your {RACE_Avatar}s and {RACE_Godspawn} benefit from the following perks when their corresponding Relic is equipped: Archaic Warspear, Forsaken Wonder, Timeworn Attunement, Primeval Spellblade, Primordial Curse.","Deine {RACE_Avatar}s und {RACE_Godspawn} profitieren von den folgenden Vorteilen, wenn ihre entsprechende Reliquie ausgerüstet ist: Archaischer Kriegsspeer, Verlassenes Wunder, Zeitabgestimmte Einstimmung, Urzeitliche Zauberklinge, Urtümlicher Fluch."
perks.csv,1321,Your {RACE_Avatar} and {RACE_Godspawn} creatures gain the perks of their corresponding Relic even if it is not equipped.,"Deine {RACE_Avatar}- und {RACE_Godspawn}-Kreaturen erhalten die Vorteile ihrer entsprechenden Reliquie, auch wenn diese nicht ausgerüstet ist."
perks.csv,1323,Your creatures' Relics act as if they have 100 more ranks. This does not unlock additional Relic perks.,"Deine Kreaturen-Relikte wirken, als hätten sie 100 Ränge mehr. Dies schaltet keine zusätzlichen Relikt-Vorteile frei."
traits.csv,3524,"At the start of battle, you gain access to 3 random perks. A description of these perks can be found in your battle history. This trait activates immediately before all other start-of-battle effects. This trait does not stack.",Zu Beginn des Kampfes erhältst du Zugang zu 3 zufälligen Vorteilen. Eine Beschreibung dieser Vorteile findest du in deiner Kampfhistorie. Dieses Merkmal aktiviert sich unmittelbar vor allen anderen Kampfbeginn-Effekten. Dieses Merkmal ist nicht kumulativ.
traits.csv,4312,"For each creature in your party that is a class you have exactly 2 of, those creatures deal 160% more damage. For each creature in your party that is a race you have exactly 2 of, those creatures take 80% less damage. This trait ignores other traits and perks that increase the number of creatures of a specific race or class. This trait does not stack.","Für jede Kreatur in deiner Gruppe, die einer Klasse angehört, von der du genau 2 hast, verursachen diese Kreaturen 160% mehr Schaden. Für jede Kreatur in deiner Gruppe, die einer Rasse angehört, von der du genau 2 hast, erleiden diese Kreaturen 80% weniger Schaden. Dieses Merkmal ignoriert andere Merkmale und Vorteile, die die Anzahl der Kreaturen einer bestimmten Rasse oder Klasse erhöhen. Dieses Merkmal ist nicht kumulativ."
ui.csv,151,Perks,Vorteile
ui.csv,996,Perk Points,Fertigkeitspunkte
ui.csv,1025,"Welcome to your first Realm! You'll receive a Realm Quest at the start of each Realm. These are short, bite-sized quests that must be completed before you can proceed to the next Realm.\n\nAfter you complete a Realm Quest, you'll receive a reward, and then you'll be able to use that Realm's Teleportation Shrine to either travel to a new Realm or return to your kingdom.\n\nWhen you complete a Realm Quest at the highest Realm Depth you've ever visited, you'll also receive Perk Points that can be used to unlock perks for your specialization.","Willkommen in deinem ersten Reich! Du erhältst zu Beginn jedes Reiches eine Reichsquest. Dies sind kurze, überschaubare Quests, die abgeschlossen werden müssen, bevor du zum nächsten Reich fortschreiten kannst.\n\nNachdem du eine Reichsquest abgeschlossen hast, erhältst du eine Belohnung und kannst dann den Teleportationsschrein dieses Reiches nutzen, um entweder zu einem neuen Reich zu reisen oder in dein Königreich zurückzukehren.\n\nWenn du eine Reichsquest in der höchsten Reichstiefe abschließt, die du je besucht hast, erhältst du außerdem Fertigkeitspunkte, die du zum Freischalten von Vorteilen für deine Spezialisierung verwenden kannst."
ui.csv,1034,"After you complete a Realm Quest at the highest Realm Depth you've ever visited, you'll earn some [icons,2084] Perk Points. You can spend these points to unlock Perks that are associated with your specialization.\n\nTo spend your [icons,2084] Perk Points, press {KEYQ} to open the main menu. Then, choose [menu_character] Character, then [menu_perks] Perks.","Nachdem du eine Reichquest auf der höchsten Reichtiefe, die du je besucht hast, abgeschlossen hast, erhältst du einige [icons,2084] Fertigkeitspunkte. Du kannst diese Punkte ausgeben, um Fertigkeiten freizuschalten, die mit deiner Spezialisierung verbunden sind.\n\nUm deine [icons,2084] Fertigkeitspunkte auszugeben, drücke {KEYQ}, um das Hauptmenü zu öffnen. Wähle dann [menu_character] Charakter und anschließend [menu_perks] Fertigkeiten."
ui.csv,1047,"You just established your first Guild! Guilds allow you to take on Bounties to hunt for False Gods, which are some of the most powerful enemies you'll encounter in all of Rodia.\n\nAfter you defeat a False God, you'll earn Reputation with your Guild. As your Reputation Level with your Guild increases, you'll gain access to new items in the Guild Shop.\n\nFalse Gods also drop Anointments when they're defeated. Anointments can be used to grant you access to perks from other specializations.\n\nFor more information on Guilds, False Gods, and Anointments, please see the ""Guilds and False Gods"" section of the Codex.","Du hast gerade deine erste Gilde gegründet! Gilden ermöglichen es dir, Kopfgelder anzunehmen, um Falsche Götter zu jagen, die zu den mächtigsten Feinden gehören, denen du in ganz Rodia begegnen wirst.\n\nNachdem du einen Falschen Gott besiegt hast, erhältst du Ansehen bei deiner Gilde. Mit steigendem Ansehens-Level bei deiner Gilde schaltest du neue Gegenstände im Gildenladen frei.\n\nFalsche Götter lassen außerdem Salbungen fallen, wenn sie besiegt werden. Salbungen können verwendet werden, um dir Zugang zu Vorteilen aus anderen Spezialisierungen zu gewähren.\n\nWeitere Informationen zu Gilden, Falschen Göttern und Salbungen findest du im Abschnitt ""Gilden und Falsche Götter"" des Kodex."
ui.csv,1085,Choose a Perk to rank up.,Wähle einen Vorteil zum aufwerten.
ui.csv,1092,Press {KEYE} to increase this perk's rank.,"Drücke {KEYE}, um den Rang dieser Fertigkeit zu erhöhen."
ui.csv,1093,This perk is already at the maximum possible rank.,Dieser Vorteil ist bereits auf der höchstmöglichen Stufe.
ui.csv,1195,Reset Perks: Unallocate my Perk Points so I can assign them to different perks.,"Fertigkeiten zurücksetzen: Meine Fertigkeitspunkte zurücksetzen, damit ich sie anderen Fertigkeiten zuweisen kann."
ui.csv,2991,Perks,Vorteile
ui.csv,3037,Perks,Vorteile
