Tag,Notes,English,Japanese,German,French,Spanish,Portuguese,Russian,Italian,Chinese (Traditional),Chinese (Simplified),Korean,Polish,Ukrainian,Dutch,Turkish
L_BOSS_KIICHI,,Kiichi,キイチ,Kiichi,Kiichi,Kiichi,Kiichi,Киичи,Kiichi,紀一,吉一,키이치,Kiichi,Кіічі,Kiichi,Kiichi
L_BOSS_MYRTLE,,Myrtle,マートル,Myrtle,Myrtle,Myrtle,Myrtle,Миртл,Myrtle,默特爾,默特尔,머틀,Myrtle,Міртл,Myrtle,Myrtle
L_BOSS_LOID,,Loid,ロイド,Loid,Loid,Loid,Loid,Лоид,Loid,洛伊德,洛伊德,로이드,Loid,Лоїд,Loid,Loid
L_BOSS_VLORA,,Vlora,ヴローラ,Vlora,Vlora,Vlora,Vlora,Влора,Vlora,芙蘿拉,薇洛拉,블로라,Vlora,Влора,Vlora,Vlora
L_BOSS_GENGGAI,,Genggai,ゲンガイ,Genggai,Genggai,Genggai,Genggai,Генггай,Genggai,更改,更改,겡가이,Genggai,Генггай,Genggai,Genggai
L_BOSS_SHIJIAN,,Shijian,時間,Shijian,Shijian,Shijian,Shijian,Шицзянь,Shijian,時間,时间,시간,Shijian,Шіцзянь,Shijian,Şician
L_BOSS_DONJI,,Donji,ドンジ,Donji,Donji,Donji,Donji,Донджи,Donji,多尼吉,冬季,돈지,Donji,Доньї,Donji,Donji
L_BOSS_CHUNTIAN,,Chuntian,チュンティアン,Chuntian,Chuntian,Chuntian,Chuntian,Чуньтянь,Chuntian,春天,春天,춘티안,Chuntian,Чуньтянь,Chuntian,Chuntian
L_BOSS_XIATIAN,,Xiatian,シアティアン,Xiatian,Xiatian,Xiatian,Xiatian,Сятянь,Xiatian,夏天,夏天,시아티안,Xiatian,Сятянь,Xiatian,Xiatian
L_BOSS_QIUJI,,Qiuji,キウジ,Qiuji,Qiuji,Qiuji,Qiuji,Цюцзи,Qiuji,秋季,秋季,츄지,Qiuji,Цюцзі,Qiuji,Qiuji
L_BOSS_XYRXZYS,,Xyrxzys,ザーザイス,Xyrxzys,Xyrxzys,Xyrxzys,Xyrxzys,Ксирксис,Xyrxzys,薩爾西斯,克西尔瑞克西滋义斯,지르지스,Xyrxzys,Ксірксіс,Xyrxzys,Xyrxzys
L_BOSS_SPOONOR,,Spoonor,スプーナー,Spoonor,Spoonor,Spoonor,Spoonor,Спунор,Spoonor,湯匙人,斯普诺,스푸너,Spoonor,Спунор,Spoonor,Spoonor
L_BOSS_QILA,,Qila,キラ,Qila,Qila,Qila,Qila,Кила,Qila,奇拉,奇拉,퀼라,Qila,Кіла,Qila,Qila
L_BOSS_VITJA,,Vitja,ヴィチャ,Vitja,Vitja,Vitja,Vitja,Витя,Vitja,維佳,维佳,비차,Vitja,Вітя,Vitja,Vitja
L_BOSS_IMPIMPINGTON,,Imp Impington,インプ・インピントン,Kobold Koboldingen,Imp Impington,Diablillo Impington,Diabrete Impington,Бес Импингтон,Imp Impington,小惡魔英彭頓,小鬼英普顿,임프 임핑턴,Chochlik Impington,Імп Імпінгтон,Kobold Koboldstein,İblis İmpington
L_BOSS_ETTA,,Etta,エッタ,Etta,Etta,Etta,Etta,Этта,Etta,艾塔,艾塔,에타,Etta,Етта,Etta,Etta
L_BOSS_TELLUR,,Tellur,テルル,Tellur,Tellur,Tellur,Tellur,Теллур,Tellur,泰勒爾,泰勒,텔루르,Tellur,Теллур,Tellur,Tellur
L_BOSS_IMPIMPINGTONPRIME,,Imp Impington Prime,インプ・インピントン・プライム,Imp Impington Prime,Imp Impington Prime,Imp Impington Prime,Diabrete Impington Prime,Бес Импингтон Прайм,Imp Impington Prime,小惡魔英普頓大王,钢铁小鬼英普顿,임프 임핑턴 프라임,Imp Impington Pierwszy,Імп Імпінгтон Прайм,Kobold Koboldstein Opperhoofd,İblis İmpington Üstün
L_BOSS_RAMSES,,Ramses,ラムセス,Ramses,Ramsès,Ramses,Ramsés,Рамзес,Ramses,拉姆西斯,拉美西斯,람세스,Ramses,Рамзес,Ramses,Ramses
L_BOSS_KRAYNAKS,,Kraynaks,クレイナクス,Kraynaks,Kraynaks,Kraynaks,Kraynaks,Крайнаки,Kraynaks,克雷納克斯,克雷纳克斯,크레이낙스,Kraynaki,Крайнаки,Kraynaks,Kraynaklar
L_BOSS_SHADOWOFTHEVOID,,Shadow of the Void,虚無の影,Schatten der Leere,Ombre du Néant,Sombra del Vacío,Sombra do Vazio,Тень Пустоты,Ombra del Vuoto,虛無之影,虚空之影,공허의 그림자,Cień Pustki,Тінь Порожнечі,Schaduw van de Leegte,Boşluğun Gölgesi
L_NBOSS_KIICHI,,Kiichi,キイチ,Kiichi,Kiichi,Kiichi,Kiichi,Киичи,Kiichi,紀一,吉一,키이치,Kiichi,Кіічі,Kiichi,Kiichi
L_NBOSS_IANNE,,Blacksmith Ianne,鍛冶屋イアン,Schmied Ianne,Forgeron Ianne,Herrero Ianne,Ferreiro Ianne,Кузнец Ианн,Fabbro Ianne,鐵匠艾安,铁匠艾安,대장장이 이안느,Kowal Ianne,Коваль Іанне,Smid Ianne,Demirci Ianne
L_NBOSS_CEASELESSGLADIATOR,,Ceaseless Gladiator,不屈の剣闘士,Unermüdlicher Gladiator,Gladiateur Incessant,Gladiador Incesante,Gladiador Incessante,Неустанный Гладиатор,Gladiatore Incessante,不懈鬥士,不息角斗士,끝없는 검투사,Nieustępliwy Gladiator,Невпинний Гладіатор,Onophoudelijke Gladiator,Durmaksızın Gladyatör
L_NBOSS_MYRTLE,,Myrtle,マートル,Myrtle,Myrtle,Myrtle,Myrtle,Миртл,Myrtle,默特爾,默特尔,머틀,Myrtle,Міртл,Myrtle,Myrtle
L_NBOSS_NERLYX,,Nerlyx,ネリクス,Nerlyx,Nerlyx,Nerlyx,Nerlyx,Нерликс,Nerlyx,奈利克斯,奈利克斯,넬릭스,Nerlyx,Нерлікс,Nerlyx,Nerlyx
L_NBOSS_KINGANDRICK,,King Andrick,キング・アンドリック,König Andrick,Roi Andrick,Rey Andrick,Rei Andrick,Король Андрик,Re Andrick,安德里克國王,国王安德里克,앤드릭 왕,Król Andrick,Король Андрік,Koning Andrick,Kral Andrick
L_NBOSS_LOID,,Loid,ロイド,Loid,Loid,Loid,Loid,Лоид,Loid,洛伊德,洛伊德,로이드,Loid,Лоїд,Loid,Loid
L_NBOSS_ZENPANG,,Zenpang,ゼンパング,Zenpang,Zenpang,Zenpang,Zenpang,Зенпанг,Zenpang,禪胖,禅庞,젠팡,Zenpang,Зенпанг,Zenpang,Zenpang
L_NBOSS_PHOBOS,,Phobos,フォボス,Phobos,Phobos,Phobos,Phobos,Фобос,Phobos,福波斯,福波斯,포보스,Fobos,Фобос,Phobos,Phobos
L_NBOSS_GIRAN,,Giran,ギラン,Giran,Giran,Giran,Giran,Гиран,Giran,奇連,吉兰,기란,Giran,Гіран,Giran,Giran
L_NBOSS_CHROMA,,Chroma,クロマ,Chroma,Chroma,Chroma,Chroma,Хрома,Chroma,色彩,变色灵,크로마,Chroma,Хрома,Chroma,Kroma
L_NBOSS_FLUBRIS,,Flubris,フラブリス,Flubris,Flubris,Flubris,Flubris,Флубрис,Flubris,弗魯布里斯,弗鲁布里斯,플루브리스,Flubris,Флубріс,Flubris,Flubris
L_NBOSS_VLORA,,Vlora,ヴローラ,Vlora,Vlora,Vlora,Vlora,Влора,Vlora,芙蘿拉,薇洛拉,블로라,Vlora,Влора,Vlora,Vlora
L_NBOSS_SAREA,,Sarea,サレア,Sarea,Sarea,Sarea,Sarea,Сарея,Sarea,薩瑞亞,萨瑞娅,사레아,Sarea,Сарея,Sarea,Sarea
L_NBOSS_SHACKLER,,Shackler,シャックラー,Fessler,Entraveur,Encadenador,Agrilhoador,Оковщик,Incatenatore,束縛者,束缚者,구속자,Zakuwacz,Поневолювач,Ketener,Zincirleyici
L_NBOSS_FURNESS,,Furness,ファーネス,Furness,Fournaise,Furness,Fornalha,Фернесс,Fornace,弗內斯,弗内斯,화로,Piec,Горно,Furness,Ocak
L_NBOSS_ASPECTS,,Aspect of Meraxis,メラクシスの相,Aspekt von Meraxis,Aspect de Meraxis,Aspecto de Meraxis,Aspecto de Meraxis,Аспект Мераксиса,Aspetto di Meraxis,梅拉克西斯之相,梅拉西斯具像,메락시스의 면모,Aspekt Meraxis,Аспект Мераксіса,Aspect van Meraxis,Meraxis'in Görünümü
L_NBOSS_VEXT,,Vext,ヴェクスト,Vext,Vext,Vext,Vext,Векст,Vext,維克斯特,维克斯特,벡스트,Vext,Векст,Vext,Vext
L_NBOSS_XYRXZYS,,Xyrxzys,ザーザイス,Xyrxzys,Xyrxzys,Xyrxzys,Xyrxzys,Ксирксис,Xyrxzys,席爾克西斯,克西尔瑞克西滋义斯,지르지스,Xyrxzys,Ксірксіс,Xyrxzys,Xyrxzys
L_NBOSS_KATARINA,,Katarina,カタリナ,Katarina,Katarina,Katarina,Katarina,Катарина,Katarina,卡塔莉娜,卡特琳娜,카타리나,Katarina,Катаріна,Katarina,Katarina
L_NBOSS_MEDIERRA,,Medierra,メディエラ,Medierra,Medierra,Medierra,Medierra,Медиерра,Medierra,梅迪拉,梅蒂拉,메디에라,Medierra,Медієрра,Medierra,Medierra
L_NBOSS_SPOONOR,,Spoonor,スプーナー,Spoonor,Spoonor,Spoonor,Spoonor,Спунор,Spoonor,湯匙人,斯普诺,스푸너,Spoonor,Спунор,Spoonor,Spoonor
L_NBOSS_DEATHWALKER,,Deathwalker,デスウォーカー,Todesläufer,Marcheur de la Mort,Caminante de la Muerte,Mortífero,Вестник Смерти,Camminamorte,死亡行者,死亡行者,죽음방랑자,Kroczący Śmiercią,Смертоходець,Doodsreiziger,Ölümyürüyücü
L_NBOSS_QILA,,Qila,キラ,Qila,Qila,Qila,Qila,Кила,Qila,奇拉,奇拉,퀼라,Qila,Кіла,Qila,Qila
L_NBOSS_SCYLLAANDCHARYBDIS,,Scylla and Charybdis,スキュラとカリュブディス,Scylla und Charybdis,Scylla et Charybde,Escila y Caribdis,Cila e Caríbdis,Сцилла и Харибда,Scilla e Cariddi,斯庫拉與卡律布狄斯,斯库拉与卡律布狄斯,스킬라와 카립디스,Scylla i Charybda,Сцилла і Харибда,Scylla en Charybdis,Scylla ve Charybdis
L_NBOSS_VITJA,,Vitja,ヴィチャ,Vitja,Vitja,Vitja,Vitja,Витя,Vitja,維佳,维佳,비차,Vitja,Вітя,Vitja,Vitja
L_NBOSS_IMPIMPINGTON,,Imp Impington,インプ・インピントン,Kobold Koboldingen,Imp Impington,Diablillo Impington,Diabrete Impington,Бес Импингтон,Imp Impington,小惡魔英彭頓,小鬼英普顿,임프 임핑턴,Chochlik Impington,Імп Імпінгтон,Kobold Koboldstein,İblis İmpington
L_NBOSS_JUDGMENTANDMERCY,,Judgment and Mercy,裁きと慈悲,Urteil und Gnade,Jugement et Miséricorde,Juicio y Misericordia,Julgamento e Misericórdia,Суд и Милосердие,Giudizio e Misericordia,審判與慈悲,审判与仁慈,심판과 자비,Osąd i Miłosierdzie,Суд і Милосердя,Oordeel en Genade,Hüküm ve Merhamet
L_NBOSS_ETTA,,Etta,エッタ,Etta,Etta,Etta,Etta,Этта,Etta,艾塔,艾塔,에타,Etta,Етта,Etta,Etta
L_NBOSS_TELLUR,,Tellur,テルル,Tellur,Tellur,Tellur,Tellur,Теллур,Tellur,泰魯爾,泰勒,텔루르,Tellur,Теллур,Tellur,Tellur
L_NBOSS_NOETHERIAN,,Noetherian,ノエセリアン,Noetherian,Noetherian,Noeteriano,Noetheriano,Ноэтеров,Noetheriano,諾特理安,诺特,노에테리안,Noetherian,Нетерівський,Noetheriaans,Noetherian
L_NBOSS_RAMSES,,Ramses,ラムセス,Ramses,Ramsès,Ramses,Ramsés,Рамзес,Ramses,拉姆西斯,拉美西斯,람세스,Ramses,Рамзес,Ramses,Ramses
L_NBOSS_KRAYNAKS,,Kraynaks,クレイナクス,Kraynaks,Kraynaks,Kraynaks,Kraynaks,Крайнаки,Kraynaks,克雷納克斯,克雷纳克斯,크레이낙스,Kraynaki,Крайнаки,Kraynaks,Kraynaklar
L_NBOSS_CYHRA,,Cyhra,サイラ,Cyhra,Cyhra,Cyhra,Cyhra,Сайра,Cyhra,賽拉,赛拉,시라,Cyhra,Сіра,Cyhra,Cyhra
L_NBOSS_SHADOWS,,Inner Darkness,内なる闇,Innere Dunkelheit,Ténèbres Intérieures,Oscuridad Interior,Escuridão Interior,Внутренняя Тьма,Oscurità Interiore,內心黑暗,内在黑暗,내면의 어둠,Wewnętrzna Ciemność,Внутрішня Темрява,Innerlijke Duisternis,İç Karanlık
L_NBOSS_RANKSYA,,Ranksya,ランクシャ,Ranksya,Ranksya,Ranksya,Ranksya,Рэнкся,Ranksya,蘭克夏,兰克斯亚,랭크샤,Ranksya,Рансія,Ranksya,Ranksya
L_NBOSS_NARKYAKS,,Narkyaks,ナーキャクス,Narkyaks,Narkyaks,Narkyaks,Narkyaks,Наркьяки,Narkyaks,納爾基亞克獸,纳克亚克斯,나키악,Narkyaki,Наркіяки,Narkyaks,Narkyaklar
L_NBOSS_SNAKYARK,,Snakyark,スネイキアーク,Snakyark,Snakyark,Snakyark,Snakyark,Снакиарк,Snakyark,蛇亞克,斯纳克亚克,스네키아크,Snakyark,Снакіарк,Snakyark,Snakyark
L_NBOSS_YANKARKS,,Yankarks,ヤンカークス,Yankarks,Yankarks,Yankarks,Yankarks,Янкарки,Yankarks,揚卡克斯,扬卡克斯,얀카크스,Yankarks,Янкаркс,Yankarks,Yankarks
L_NBOSS_ARKANSKY,,Arkansky,アルカンスキー,Arkansky,Arkansky,Arkansky,Arkansky,Арканский,Arkansky,阿坎斯基,阿坎斯基,아르칸스키,Arkansky,Арканський,Arkansky,Arkansky
L_NBOSS_JUDGMENT,,Judgment,審判,Urteil,Jugement,Juicio,Julgamento,Суд,Giudizio,審判,审判,심판,Osąd,Судження,Oordeel,Hüküm
L_NBOSS_MERCY,,Mercy,慈悲,Gnade,Miséricorde,Piedad,Misericórdia,Милосердие,Pietà,憐憫,仁慈,자비,Miłosierdzie,Милосердя,Genade,Merhamet
L_NBOSS_GLUBRIS,,Glubris,グルブリス,Glubris,Glubris,Glubris,Glubris,Глубрис,Glubris,格魯布里斯,格鲁布里斯,글루브리스,Glubris,Глубріс,Glubris,Glubris
L_NBOSS_SHUBRIS,,Shubris,シュブリス,Shubris,Shubris,Shubris,Shubris,Шубрис,Shubris,舒布里斯,舒布里斯,슈브리스,Shubris,Шубріс,Shubris,Shubris
L_NBOSS_PUBRIS,,Pubris,パブリス,Pubris,Pubris,Pubris,Pubris,Пубрис,Pubris,普布里斯,普布里斯,퍼브리스,Pubris,Пубріс,Pubris,Pubris
L_NBOSS_JUBRIS,,Jubris,ジュブリス,Jubris,Jubris,Jubris,Jubris,Юбрис,Jubris,朱布里斯,朱布里斯,주브리스,Jubris,Юбріс,Jubris,Jubris
L_NBOSS_CUBRIS,,Cubris,キュブリス,Cubris,Cubris,Cubris,Cubris,Кубрис,Cubris,庫布里斯,库布里斯,큐브리스,Cubris,Кубріс,Cubris,Cubris
L_WBOSS_SAINTALTHEA,,Saint Althea,聖アルテア,Heilige Althea,Sainte Althéa,Santa Althea,Santa Althea,Святая Альтея,Santa Althea,聖亞爾蒂雅,圣阿尔西娅,성녀 알테아,Święta Althea,Свята Альтея,Heilige Althea,Azize Althea
L_WBOSS_NEBODAR,,Nebodar,ネボダー,Nebodar,Nebodar,Nebodar,Nebodar,Небодар,Nebodar,涅波達爾,内博达,네보다르,Nebodar,Небодар,Nebodar,Nebodar
L_WBOSS_JOTUN,,Jotun,ヨトゥン,Jotun,Jotun,Jotun,Jotun,Йотун,Jotun,巨魔,约顿,요툰,Jotun,Йотун,Jotun,Jotun
L_WBOSS_HYDRANOX,,Hydranox,ハイドラノックス,Hydranox,Hydranox,Hydranox,Hydranox,Гидранокс,Hydranox,海德拉諾克斯,海德拉诺克斯,하이드라녹스,Hydranox,Гідранокс,Hydranox,Hydranox
L_WBOSS_LOIDPRIME,,Loid Prime,ロイド・プライム,Loid Prime,Loid Prime,Loid Prime,Loid Prime,Лоид Прайм,Loid Prime,洛伊德·普萊姆,洛伊德主宰,로이드 프라임,Loid Prime,Лоїд Прайм,Loid Prime,Loid Prime
L_WBOSS_IMPIMPINGTON,,Imp Impington Reborn,インプ・インピントン・リボーン,Kobold Impington Wiedergeboren,Imp Impington Ressuscité,Diablillo Impington Renacido,Diabrete Impington Renascido,Бес Импингтон Возрожденный,Imp Impington Rinato,小惡魔英彬頓重生,小鬼英普顿重生,임프 임핑턴 환생,Imp Impington Odrodzony,Імп Імпінгтон Відроджений,Kabouter Kabouterton Herboren,İblis Impington Yeniden Doğuş
L_WBOSS_THEANCESTOR,,The Ancestor,先祖,Der Ahnherr,L'Ancêtre,El Ancestro,O Ancestral,Предок,L'Antenato,先祖,先祖,선조,Przodek,Предок,De Voorouder,Ata
L_WBOSS_CALIBAN,,Caliban the Unredeemed,カリバン・ジ・アンリディームド,Caliban der Unerlöste,Caliban l'Irrédimé,Caliban el Irredento,"Caliban, o Irredimido",Калибан Непрощённый,Caliban l'Irredento,不可救贖者卡利班,未被救赎的卡利班,구원받지 못한 칼리반,Caliban Nieodkupiony,Каліба́н Невідку́плений,Caliban de Onverloste,Kurtarılmamış Caliban
L_WBOSS_MINDWURM,,Mindwurm,マインドワーム,Gedankenwurm,Vermesprit,Gusano mental,Verme Mental,Мыслечервь,Verme Mentale,心靈蟲,蚀心虫,정신벌레,Robak Umysłu,Розумочерв'як,Geestenworm,Zihinsolucanu
L_WBOSS_LOSTCONSTRUCT,,Lost Construct,失われた構造体,Verlorenes Konstrukt,Construct Perdu,Constructo Perdido,Constructo Perdido,Потерянный Конструкт,Costrutto Perduto,失落構造體,迷失构造体,잃어버린 구조체,Zagubiony Konstrukt,Загублений Конструкт,Verloren Construct,Kayıp Yapı
L_NBOSS_SCYLLA,,Scylla,,,,,,,,,斯库拉,,,,,
L_NBOSS_CHARYBDIS,,Charybdis,,,,,,,,,卡律布狄斯,,,,,
