line,check,english,german
123,STACKING,"After your creatures {ACTION_attack}, and the attack fails to deal critical damage, their chance to deal critical damage with attacks is doubled on their next turn. This effect stacks multiple times in a row until the creature deals critical damage with attacks.","Nachdem deine Kreaturen {ACTION_attack} und der Angriff keinen kritischen Schaden verursacht, verdoppelt sich ihre Chance, bei ihrem nächsten Zug kritischen Schaden mit Angriffen zu verursachen. Dieser Effekt stapelt sich mehrmals hintereinander, bis die Kreatur kritischen Schaden mit Angriffen verursacht."
125,STACKING,"After your creatures are {ACTION_attacked}, and they fail to dodge the attack, their chance to dodge attacks is doubled the next time they're {ACTION_attacked}. This effect stacks multiple times in a row until they successfully dodge an attack.","Nachdem deine Kreaturen {ACTION_attacked} wurden und es ihnen nicht gelungen ist, dem Angriff auszuweichen, verdoppelt sich ihre Chance, Angriffen auszuweichen, wenn sie das nächste Mal {ACTION_attacked} werden. Dieser Effekt stapelt sich mehrmals hintereinander, bis sie erfolgreich einem Angriff ausweichen."
199,POTENCY,Increases the potency of your creatures' effects that increase their stats by <2>%.,"Erhöht die Wirksamkeit der Effekte deiner Kreaturen, die ihre Werte steigern, um <2>%."
217,POTENCY,Increases the potency of your creatures' effects that decrease enemies' stats by <2>%.,"Erhöht die Wirksamkeit der Effekte deiner Kreaturen, die die Werte von Feinden um <2>% verringern."
219,OLD_STAT,Decreases the potency of enemies' effects that increase their stats by <2>%.,"Verringert die Wirksamkeit von Effekten der Gegner, die ihre Statuswerte erhöhen, um <2>%."
219,POTENCY,Decreases the potency of enemies' effects that increase their stats by <2>%.,"Verringert die Wirksamkeit von Effekten der Gegner, die ihre Statuswerte erhöhen, um <2>%."
249,OLD_MINION,Enemies' buffs last for only 1 turn and their minions have double the chance to leave battle.,"Gegner-Buffs halten nur 1 Runde an und ihre Schergen haben die doppelte Chance, den Kampf zu verlassen."
441,OLD_MINION,"At the start of your creatures' turns, their minions gain 1 additional stack.",Zu Beginn der Züge deiner Kreaturen erhalten ihre Schergen 1 zusätzlichen Stapel.
443,OLD_MINION,Your creatures' minions are <2>% less likely to go away.,Deine Kreaturen-Schergen haben eine <2>% geringere Wahrscheinlichkeit zu verschwinden.
463,OLD_MINION,Your creatures' minions persist beyond their master's death.,Deine Kreaturen-Lakaien überdauern den Tod ihres Meisters.
473,OLD_STAT,Your creatures' stats are no longer reset after they're killed.,"Deine Kreaturen verlieren ihre Statuswerte nicht mehr, nachdem sie getötet wurden."
477,POTENCY,The potency of your creatures' spells is based on 50% of their Maximum {STAT_health} instead of their {STAT_intelligence}.,Die Wirksamkeit der Zauber deiner Kreaturen basiert auf 50% ihrer maximalen {STAT_health} anstatt auf ihrer {STAT_intelligence}.
507,POTENCY,Your creatures' spells that interact with {CONDNAME_DEBUFF_BURNED} have <5>% more potency.,"Eure Kreaturen-Zauber, die mit {CONDNAME_DEBUFF_BURNED} interagieren, haben <5>% mehr Wirksamkeit."
509,POTENCY,"After your creatures are damaged or healed by {CONDNAME_DEBUFF_BURNED}, the potency of all creatures' {CONDNAME_DEBUFF_BURNED} debuffs increases by <2>%.","Nachdem deine Kreaturen durch {CONDNAME_DEBUFF_BURNED} Schaden erlitten oder geheilt wurden, erhöht sich die Wirksamkeit aller {CONDNAME_DEBUFF_BURNED}-Schwächungszauber der Kreaturen um <2>%."
515,POTENCY,Your creatures deal additional damage equal to <1>% of the potency of their {CONDNAME_DEBUFF_BURNED} debuff.,Deine Kreaturen verursachen zusätzlichen Schaden in Höhe von <1>% der Wirksamkeit ihres {CONDNAME_DEBUFF_BURNED}-Schwächungszaubers.
521,POTENCY,"After an enemy with {CONDNAME_DEBUFF_BURNED} is killed, enemies take damage equal to <5>% of the potency of that creature's {CONDNAME_DEBUFF_BURNED} debuff.","Nachdem ein Feind mit {CONDNAME_DEBUFF_BURNED} getötet wurde, erleiden Feinde Schaden in Höhe von <5>% der Wirksamkeit des {CONDNAME_DEBUFF_BURNED}-Debuffs dieser Kreatur."
555,OLD_MINION,"If your creatures have at least 7 different minions, their attacks instantly kill enemies in non-boss battles, and deal 100% more damage in boss battles.","Wenn deine Kreaturen mindestens 7 verschiedene Lakaien haben, töten ihre Angriffe Feinde in Nicht-Boss-Kämpfen sofort und verursachen in Boss-Kämpfen 100% mehr Schaden."
575,OLD_STAT,"Your creatures gain and reduce stats <1>% more for each time your creatures {ACTION_cast} [icons,1984]Rune of Dun in the current battle.","Deine Kreaturen erhalten und verlieren <1>% mehr Statuswerte für jedes Mal, wenn deine Kreaturen {ACTION_cast} [icons,1984]Rune von Dun im aktuellen Kampf."
593,POTENCY,Your dead creatures {ACTION_cast} one of their spells with <10>% more potency every 5 turns.,Deine toten Kreaturen {ACTION_cast} einen ihrer Zauber mit <10>% mehr Wirksamkeit alle 5 Runden.
637,POTENCY,Your creatures' {SPELL_ultimate} Gems have <10>% more potency.,Deine Kreaturen' {SPELL_ultimate} Edelsteine haben <10>% mehr Wirksamkeit.
651,OLD_STAT,"Your Herbling has 3% more stats (other than {STAT_health}) for each time it has received healing, gained stats, received buffs or minions, or has been resurrected in battle. Every 15% stats earned through this perk causes the Herbling to evolve to a higher Tier at the start of its turn.","Dein Herbling hat 3% mehr Statuswerte (außer {STAT_health}) für jedes Mal, wenn er Heilung erhalten, Statuswerte gewonnen, Buffs oder Diener erhalten hat oder im Kampf wiederbelebt wurde. Für jeweils 15% Statuswerte, die durch diesen Vorteil erworben wurden, entwickelt sich der Herbling zu Beginn seines Zuges zu einer höheren Stufe."
659,OLD_STAT,"At the start of your Herbling's turn, enemies lose stats equal to <1>% of your Herbling's stats for each Tier it has.","Zu Beginn des Zuges deines Herblings verlieren Feinde Statuswerte in Höhe von <1>% der Statuswerte deines Herblings für jede Stufe, die es hat."
663,POTENCY,"At the start of your Herbling's turn, it {ACTION_casts} [icons,1976]Cruelty of the Wild. This spell has 20% more potency for each of your Herbling's Tiers.","Zu Beginn des Zuges deines Herblings {ACTION_casts} es [icons,1976]Grausamkeit der Wildnis. Dieser Zauber hat 20% mehr Wirksamkeit für jede Stufe deines Herblings."
725,OLD_STAT,"Your creatures have a <5>% chance to double the value of all their actions (damage, healing, stat gains, etc).","Deine Kreaturen haben eine <5>% Chance, den Wert all ihrer Aktionen zu verdoppeln (Schaden, Heilung, Statuswerte usw.)."
739,OLD_STAT,Your creatures have 1% more stats (other than {STAT_health}) for each time their on-action effects activated in the current battle.,"Deine Kreaturen haben 1% mehr Statuswerte (außer {STAT_health}) für jedes Mal, wenn ihre Aktionseffekte im aktuellen Kampf aktiviert wurden."
783,OLD_STAT,"When an enemy with {CONDNAME_DEBUFF_INVERTED} gains stats, they have a 50% chance to lose stats instead.","Wenn ein Gegner mit {CONDNAME_DEBUFF_INVERTED} Statuswerte erhält, besteht eine 50% Chance, dass er stattdessen Statuswerte verliert."
787,POTENCY,Your creatures deal additional damage with attacks and spells equal to <1>% of the enemy’s {CONDNAME_DEBUFF_INVERTED} potency.,Deine Kreaturen verursachen zusätzlichen Schaden mit Angriffen und Zaubern in Höhe von <1>% der {CONDNAME_DEBUFF_INVERTED}-Wirksamkeit des Gegners.
789,POTENCY,"When the enemies’ {CONDNAME_DEBUFF_INVERTED} debuff activates, there is a <5>% chance that its potency will not be decreased.","Wenn der {CONDNAME_DEBUFF_INVERTED}-Debuff der Gegner aktiviert wird, besteht eine <5>%-Chance, dass seine Wirksamkeit nicht verringert wird."
801,POTENCY,"After an enemy is killed, the potency of their {CONDNAME_DEBUFF_INVERTED} debuff is added to the potency of all other enemies’ {CONDNAME_DEBUFF_INVERTED} debuffs.","Nachdem ein Feind getötet wurde, wird die Wirksamkeit seines {CONDNAME_DEBUFF_INVERTED}-Debuffs zur Wirksamkeit der {CONDNAME_DEBUFF_INVERTED}-Debuffs aller anderen Feinde hinzugefügt."
803,POTENCY,"After an enemy is killed, all other enemies take damage equal to <10>% of the potency of their {CONDNAME_DEBUFF_INVERTED} debuff.","Nachdem ein Feind getötet wurde, erleiden alle anderen Feinde Schaden in Höhe von <10>% der Wirksamkeit ihres {CONDNAME_DEBUFF_INVERTED}-Schwächungszaubers."
873,OLD_STAT,Your creatures' stats are no longer reset after they're killed.,"Deine Kreaturen verlieren ihre Statuswerte nicht mehr, nachdem sie getötet wurden."
901,POTENCY,Enemies’ {CONDNAME_DEBUFF_INVERTED} debuffs lose 50% less potency when they activate.,"Debuffs vom Typ {CONDNAME_DEBUFF_INVERTED} der Gegner verlieren 50% weniger Wirksamkeit, wenn sie aktiviert werden."
929,POTENCY,Your creatures’ Rune spells have 10% more potency for each {STAT_charge} they’re missing.,Deine Kreaturen-Runenzauber haben 10% mehr Wirksamkeit für jede fehlende {STAT_charge}.
969,POTENCY,Your creatures' spells that interact with {CONDNAME_DEBUFF_POISON} have <20>% more potency.,"Eure Kreaturen-Zauber, die mit {CONDNAME_DEBUFF_POISON} interagieren, haben <20>% mehr Wirksamkeit."
973,POTENCY,"After a creature takes damage from {CONDNAME_DEBUFF_POISON}, the potency of all enemies' {CONDNAME_DEBUFF_POISON} debuffs is increased by <5>%.","Nachdem eine Kreatur Schaden durch {CONDNAME_DEBUFF_POISON} erleidet, wird die Wirksamkeit aller {CONDNAME_DEBUFF_POISON}-Schwächungszauber der Feinde um <5>% erhöht."
979,POTENCY,"If an enemy dies while it is afflicted with {CONDNAME_DEBUFF_POISON}, all other enemies take damage equal to 50% of the potency of this debuff.","Wenn ein Feind stirbt, während er von {CONDNAME_DEBUFF_POISON} betroffen ist, erleiden alle anderen Feinde Schaden in Höhe von 50% der Wirksamkeit dieses Debuffs."
981,POTENCY,Your creatures deal additional damage with attacks and spells equal to <4>% of the potency of their {CONDNAME_DEBUFF_POISON} debuff.,Deine Kreaturen verursachen zusätzlichen Schaden mit Angriffen und Zaubern in Höhe von <4>% der Wirksamkeit ihres {CONDNAME_DEBUFF_POISON}-Schwächungszaubers.
1087,OLD_MINION,"Your creatures cannot gain buffs or minions that are unrelated to this specialization. Your Greater Demons are not removed on death. This perk is always active while your specialization is {SPEC_DEMONOLOGIST}, even if you haven't allocated any Perk Points to it.","Deine Kreaturen können keine Buffs oder Lakaien erhalten, die nicht mit dieser Spezialisierung zusammenhängen. Deine Großen Dämonen werden beim Tod nicht entfernt. Dieser Vorteil ist immer aktiv, solange deine Spezialisierung {SPEC_DEMONOLOGIST} ist, selbst wenn du keine Talentpunkte dafür ausgegeben hast."
1107,OLD_STAT,"After any number of stacks of your creatures' Lesser Demons go away, they gain 15% stats.","Nachdem eine beliebige Anzahl an Stapeln der Niederen Dämonen deiner Kreaturen verschwindet, erhalten sie 15% mehr Statuswerte."
1119,OLD_STAT,Your creatures have 10% more stats (excluding Health) for each different Greater Demon your creatures have.,"Deine Kreaturen haben 10% mehr Statuswerte (ausgenommen Gesundheit) für jeden unterschiedlichen Großen Dämon, den deine Kreaturen besitzen."
1153,OLD_STAT,Enemies with {CONDNAME_DEBUFF_BOMB} have 20% less stats (excluding {STAT_health}).,Gegner mit {CONDNAME_DEBUFF_BOMB} haben 20% weniger Statuswerte (ausgenommen {STAT_health}).
1189,POTENCY,50% of the potency of your creatures' {SPELL_equipment}s is based on their highest stat instead of {STAT_intelligence}.,50% der Wirksamkeit der {SPELL_equipment}s deiner Kreaturen basiert auf ihrem höchsten Attribut anstatt auf {STAT_intelligence}.
1283,POTENCY,Enemies always have {CONDNAME_DEBUFF_MANIA}. The potency of this debuff is refreshed at the end of each enemy's turn.,Gegner haben immer {CONDNAME_DEBUFF_MANIA}. Die Wirksamkeit dieses Debuffs wird am Ende jedes Zuges eines Gegners erneuert.
1291,POTENCY,"At the start of each creature's turn, if your {RACE_Guardian} has at least 500% of the {STAT_defense} it started the battle with, all creatures {ACTION_cast} [icons,1972]Words of Encouragement on your {RACE_Guardian} and they take damage equal to 100% of their {CONDNAME_DEBUFF_MANIA} debuff's potency. This effect can only happen once per battle.","Zu Beginn des Zuges jeder Kreatur, wenn dein {RACE_Guardian} mindestens 500% der {STAT_defense} hat, mit der er den Kampf begonnen hat, {ACTION_cast} alle Kreaturen [icons,1972]Ermutigende Worte auf deinen {RACE_Guardian} und sie erleiden Schaden in Höhe von 100% der Wirksamkeit ihres {CONDNAME_DEBUFF_MANIA}-Debuffs. Dieser Effekt kann nur einmal pro Kampf eintreten."
1297,POTENCY,Your creatures' Relics' spells have 100% more potency.,Die Zauber der Relikte deiner Kreaturen haben 100% mehr Wirksamkeit.
1299,OLD_STAT,Your creatures gain 100% more stats from their Relics.,Deine Kreaturen erhalten 100% mehr Statuswerte von ihren Relikten.
