line,english,german,issues,reviewed,replacement
2435,"Your creatures can equip all Spell Gems, regardless of their class. After your creatures manually {ACTION_cast} a spell, they also {ACTION_cast} a random spell from their Spell Gem list from each other class.","Deine Kreaturen können alle Zauber-Edelsteine ausrüsten, unabhängig von ihrer Klasse. Nachdem deine Kreaturen manuell einen Zauber {ACTION_cast}, {ACTION_cast} sie auch einen zufälligen Zauber aus ihrer Zauber-Edelstein-Liste von jeder anderen Klasse.",TERM:Spell Gem->Zauberstein; TERM:Spell Gems->Zaubersteine,,
2441,This creature takes 18% less damage for each of its living allies. This trait does not work if another creature has this trait.,"Dieses Wesen erleidet 18% weniger Schaden für jeden seiner lebenden Verbündeten. Diese Eigenschaft funktioniert nicht, wenn ein anderes Wesen diese Eigenschaft besitzt.",TERM:Creature->Kreatur; TERM:Trait->Merkmal,,
2443,Your creatures deal additional damage with attacks and spells equal to 5% of all the damage your creatures have dealt in the current battle. This trait does not stack.,"Deine Kreaturen verursachen zusätzlichen Schaden mit Angriffen und Zaubern in Höhe von 5% des gesamten Schadens, den deine Kreaturen in der aktuellen Schlacht verursacht haben. Diese Eigenschaft ist nicht stapelbar.",TERM:Trait->Merkmal,,
2447,"At the start of your other creatures' turns, this creature performs an action depending on that creature's class. {CLASS_Chaos} - Attack a random enemy. {CLASS_Death} - Enemies are afflicted with a random debuff. {CLASS_Life} - Your creatures gain a random buff. {CLASS_Nature} - Your creatures gain 10% stats. {CLASS_Sorcery} - Cast one of their Spell Gems. This trait does not stack.","Zu Beginn der Züge deiner anderen Kreaturen führt diese Kreatur eine Aktion aus, abhängig von der Klasse dieser Kreatur. {CLASS_Chaos} - Greift einen zufälligen Feind an. {CLASS_Death} - Feinde werden mit einem zufälligen Debuff belegt. {CLASS_Life} - Deine Kreaturen erhalten einen zufälligen Buff. {CLASS_Nature} - Deine Kreaturen erhalten 10% mehr Statuswerte. {CLASS_Sorcery} - Wirkt einen ihrer Zauberedelsteine. Diese Eigenschaft ist nicht stapelbar.",TERM:Attack->Angriff; TERM:Trait->Merkmal; TERM:Spell Gems->Zaubersteine,,
2462,"After an enemy takes damage from {CONDNAME_DEBUFF_BLEED}, all other enemies take 50% of that damage. This trait does not stack.","Nachdem ein Feind Schaden durch {CONDNAME_DEBUFF_BLEED} erleidet, erleiden alle anderen Feinde 50% dieses Schadens. Diese Eigenschaft ist nicht stapelbar.",TERM:Trait->Merkmal,,
2464,"When an enemy takes damage from {CONDNAME_DEBUFF_BLEED}, it has a 50% chance to take this damage again. This effect can repeat multiple times in a row. This trait does not stack.","Wenn ein Feind Schaden durch {CONDNAME_DEBUFF_BLEED} erleidet, besteht eine 50% Chance, dass er diesen Schaden erneut erleidet. Dieser Effekt kann mehrmals hintereinander auftreten. Diese Eigenschaft ist nicht stapelbar.",TERM:Trait->Merkmal,,
2466,Enemies with {CONDNAME_DEBUFF_BLEED} take this damage an additional time at the end of their turn. This damage is not modified by traits and other effects that affect {CONDNAME_DEBUFF_BLEED}. This trait does not stack.,"Feinde mit {CONDNAME_DEBUFF_BLEED} erleiden diesen Schaden am Ende ihres Zuges ein weiteres Mal. Dieser Schaden wird nicht durch Eigenschaften und andere Effekte modifiziert, die {CONDNAME_DEBUFF_BLEED} beeinflussen. Diese Eigenschaft ist nicht stapelbar.",TERM:Trait->Merkmal; TERM:Traits->Merkmale,,
2474,"After an enemy {ACTION_attacks}, it loses 20% {STAT_attack} and is afflicted with {CONDNAME_DEBUFF_SCORN}. This trait does not stack.",Nach einem {ACTION_attacks} eines Gegners verliert dieser 20% {STAT_attack} und wird mit {CONDNAME_DEBUFF_SCORN} belegt. Diese Eigenschaft ist nicht stapelbar.,TERM:Trait->Merkmal,,
2476,"After an enemy {ACTION_casts} a spell, it loses 20% {STAT_intelligence} and is afflicted with {CONDNAME_DEBUFF_SILENCE}. This trait does not stack.","Nachdem ein Feind einen Zauber {ACTION_casts}, verliert er 20% {STAT_intelligence} und wird mit {CONDNAME_DEBUFF_SILENCE} belegt. Diese Eigenschaft ist nicht stapelbar.",TERM:Trait->Merkmal,,
2478,"After an enemy {ACTION_defends} or {ACTION_provokes}, it is afflicted with 3 random debuffs. This trait does not stack.","Nachdem ein Feind {ACTION_defends} oder {ACTION_provokes}, wird er mit 3 zufälligen Debuffs belegt. Diese Eigenschaft ist nicht stapelbar.",TERM:Trait->Merkmal,,
2480,This creature has additional stats equal to 10% of your other creatures' stats. This trait does not work with creatures that also have this trait.,"Diese Kreatur hat zusätzliche Werte in Höhe von 10% der Werte deiner anderen Kreaturen. Diese Eigenschaft funktioniert nicht mit Kreaturen, die ebenfalls diese Eigenschaft besitzen.",TERM:Trait->Merkmal,,
2484,This creature cannot lose stats.,Dieses Wesen kann keine Statuswerte verlieren.,TERM:Creature->Kreatur,,
2492,"This creature always dodges attacks. At the start of this creature's turn, it {ACTION_provokes} and then its turn ends.",Dieses Wesen weicht Angriffen stets aus. Zu Beginn des Zuges dieses Wesens {ACTION_provokes} es und dann endet sein Zug.,TERM:Creature->Kreatur,,
2494,"This creature always deals critical damage. At the start of this creature's turn, it {ACTION_defends} and then its turn ends.",Dieses Wesen verursacht immer kritischen Schaden. Zu Beginn des Zuges dieses Wesens {ACTION_defends} es und dann endet sein Zug.,TERM:Creature->Kreatur,,
2498,"After this creature {ACTION_attacks}, the enemy {ACTION_attacks} itself as well. The amount of damage is based on this creature's {STAT_attack}. This trait does not stack.","Nachdem diese Kreatur {ACTION_attacks}, greift der Feind {ACTION_attacks} sich selbst ebenfalls an. Die Höhe des Schadens basiert auf dem {STAT_attack} dieser Kreatur. Diese Eigenschaft ist nicht stapelbar.",TERM:Trait->Merkmal,,
2500,"After this creature manually {ACTION_casts} a spell, it also {ACTION_casts} 3 random enemies' spells as well. This trait does not stack.","Nachdem diese Kreatur manuell einen Zauber {ACTION_casts}, {ACTION_casts} sie auch 3 zufällige Zauber von Feinden. Diese Eigenschaft ist nicht stapelbar.",TERM:Trait->Merkmal,,
2512,"While your creatures have {CONDNAME_BUFF_BARRIER}, they take 40% less damage. This trait does not stack.","Solange deine Kreaturen {CONDNAME_BUFF_BARRIER} haben, erleiden sie 40% weniger Schaden. Diese Eigenschaft ist nicht stapelbar.",TERM:Trait->Merkmal,,
2518,"After this creature is killed or resurrected, it {ACTION_casts} its first Spell Gem 3 times.","Nachdem diese Kreatur getötet oder wiederbelebt wurde, {ACTION_casts} sie ihren ersten Zauberedelstein 3 Mal.",TERM:Spell Gem->Zauberstein,,
2522,Your creatures have a 15% chance to take an additional turn. This trait does not stack.,"Deine Kreaturen haben eine 15% Chance, einen zusätzlichen Zug zu erhalten. Diese Eigenschaft ist nicht stapelbar.",TERM:Trait->Merkmal,,
2526,Your creatures {ACTION_cast} 0.5 additional times for each {RACE_Imp} creature fighting on your side. This trait does not stack.,"Deine Kreaturen {ACTION_cast} 0,5 zusätzliche Male für jede {RACE_Imp} Kreatur, die auf deiner Seite kämpft. Diese Eigenschaft ist nicht stapelbar.",TERM:Trait->Merkmal,,
2528,"At the end of each enemy's turn, this creature has a 20% chance to force them to {ACTION_attack} one of their allies. This trait does not stack.","Am Ende jedes Zuges eines Feindes hat diese Kreatur eine 20% Chance, ihn zu zwingen, einen seiner Verbündeten zu {ACTION_attack}. Diese Eigenschaft ist nicht stapelbar.",TERM:Trait->Merkmal,,
2530,"At the end of each enemy's turn, this creature has a 20% chance to force them to {ACTION_cast} a random, damaging spell in this creature's favor. This trait does not stack.","Am Ende jedes Zuges eines Gegners hat diese Kreatur eine 20% Chance, ihn zu zwingen, einen zufälligen, schädigenden Zauber zugunsten dieser Kreatur zu {ACTION_cast}. Diese Eigenschaft ist nicht stapelbar.",TERM:Trait->Merkmal,,
2534,This creature deals 15% more damage for each time it has taken damage in the current battle.,"Dieses Wesen verursacht 15% mehr Schaden für jedes Mal, das es im aktuellen Kampf Schaden erlitten hat.",TERM:Creature->Kreatur,,
2536,This creature takes 20% less damage for each time it has taken damage in the current battle.,"Dieses Wesen erleidet 20% weniger Schaden für jedes Mal, das es im aktuellen Kampf Schaden erlitten hat.",TERM:Creature->Kreatur,,
2540,"At the start of each {CONDNAME_DEBUFF_CURSED} enemy's turn, they have a 30% chance to {ACTION_attack} one of their allies. This trait does not stack.","Zu Beginn des Zuges jedes {CONDNAME_DEBUFF_CURSED} Gegners besteht eine 30% Chance, dass er einen seiner Verbündeten {ACTION_attack}. Diese Eigenschaft ist nicht stapelbar.",TERM:Trait->Merkmal,,
2542,{CONDNAME_DEBUFF_CURSED} enemies take damage at the start of their turns equal to 25% of this creature's {STAT_attack}. This trait does not stack.,{CONDNAME_DEBUFF_CURSED} Feinde erleiden zu Beginn ihrer Runde Schaden in Höhe von 25% des {STAT_attack} dieser Kreatur. Diese Eigenschaft ist nicht stapelbar.,TERM:Trait->Merkmal,,
2544,{CONDNAME_DEBUFF_CURSED} enemies take damage at the start of their turns equal to 25% of this creature's {STAT_intelligence}. This trait does not stack.,{CONDNAME_DEBUFF_CURSED} Feinde erleiden zu Beginn ihrer Runde Schaden in Höhe von 25% der {STAT_intelligence} dieser Kreatur. Diese Eigenschaft ist nicht stapelbar.,TERM:Trait->Merkmal,,
2548,"At the start of battle, your {RACE_Mimic} creatures gain a random buff for each {RACE_Mimic} fighting on your side. This trait does not stack.","Zu Beginn des Kampfes erhalten deine {RACE_Mimic}-Kreaturen einen zufälligen Buff für jedes {RACE_Mimic}, das auf deiner Seite kämpft. Diese Eigenschaft ist nicht stapelbar.",TERM:Trait->Merkmal,,
2550,"At the start of battle, this creature transforms into a copy of the second creature in your party, gains the innate trait of the third creature in your party, and gains the fused trait of the fourth creature in your party. This creature always starts battles at the bottom of the {TIMELINE}.","Zu Beginn des Kampfes verwandelt sich diese Kreatur in eine Kopie der zweiten Kreatur in deiner Gruppe, erhält die angeborene Eigenschaft der dritten Kreatur in deiner Gruppe und erhält die fusionierte Eigenschaft der vierten Kreatur in deiner Gruppe. Diese Kreatur beginnt Kämpfe immer am unteren Ende der {TIMELINE}.",TERM:Trait->Merkmal,,
2554,"The potency of the enemies' {CONDNAME_DEBUFF_BOMB} debuffs is shared with each other, but enemies take 50% less damage from this debuff. This trait does not stack.","Die Wirksamkeit der {CONDNAME_DEBUFF_BOMB}-Schwächungen der Gegner wird untereinander geteilt, aber Gegner erleiden 50% weniger Schaden durch diese Schwächung. Diese Eigenschaft ist nicht stapelbar.",TERM:Trait->Merkmal,,
2588,"Your creatures are immune to damage that doesn't come from attacks or spells. After your creatures are damaged, the enemy takes damage equal to 30% of the damage dealt. Your creatures always {ACTION_defend}. This trait persists even after this creature is dead.","Deine Kreaturen sind immun gegen Schaden, der nicht von Angriffen oder Zaubern stammt. Nachdem deine Kreaturen Schaden erlitten haben, erleidet der Feind Schaden in Höhe von 30% des zugefügten Schadens. Deine Kreaturen {ACTION_defend} immer. Diese Eigenschaft bleibt bestehen, selbst nachdem diese Kreatur tot ist.",TERM:Trait->Merkmal,,
2590,"Your creatures are immune to damage that doesn't come from attacks or spells. After your creatures are damaged, the enemy takes damage equal to 30% of the damage dealt. This trait persists even after this creature is dead.","Deine Kreaturen sind immun gegen Schaden, der nicht von Angriffen oder Zaubern stammt. Nachdem deine Kreaturen Schaden erlitten haben, erleidet der Feind Schaden in Höhe von 30% des zugefügten Schadens. Diese Eigenschaft bleibt bestehen, selbst nachdem diese Kreatur tot ist.",TERM:Trait->Merkmal,,
2592,"Your creatures are immune to damage that doesn't come from attacks or spells. After your creatures are damaged, the enemy takes damage equal to 30% of the damage dealt. Your creatures always deal critical damage. This trait persists even after this creature is dead.","Deine Kreaturen sind immun gegen Schaden, der nicht von Angriffen oder Zaubern stammt. Nachdem deine Kreaturen Schaden erlitten haben, erleidet der Feind Schaden in Höhe von 30% des zugefügten Schadens. Deine Kreaturen verursachen immer kritischen Schaden. Diese Eigenschaft bleibt bestehen, selbst nachdem diese Kreatur tot ist.",TERM:Trait->Merkmal,,
2644,"After this creature is killed, it transforms into one of the enemy creatures and gains a random trait that belongs to that creature's race.","Nachdem diese Kreatur getötet wurde, verwandelt sie sich in eine der feindlichen Kreaturen und erhält eine zufällige Eigenschaft, die zur Rasse dieser Kreatur gehört.",TERM:Trait->Merkmal,,
2646,"After this creature is killed, it transforms into one of the enemy creatures and gains a random trait that belongs to that creature's race.","Nachdem diese Kreatur getötet wurde, verwandelt sie sich in eine der feindlichen Kreaturen und erhält eine zufällige Eigenschaft, die zur Rasse dieser Kreatur gehört.",TERM:Trait->Merkmal,,
2654,This creature takes 5% less damage for each time it took damage in the current battle. Maximum of 95% damage reduction.,"Dieses Wesen erleidet 5% weniger Schaden für jedes Mal, wenn es im aktuellen Kampf Schaden erlitten hat. Maximal 95% Schadensreduzierung.",TERM:Creature->Kreatur,,
2674,This creature has access to all {SPELL_alcohol}s.,Dieses Wesen hat Zugriff auf alle {SPELL_alcohol}s.,TERM:Creature->Kreatur,,
2700,"This creature and its allies always have an army of minions. At the start of this creature's turn, it {ACTION_casts} [icons,1984] Rapture.","Dieses Wesen und seine Verbündeten haben stets eine Armee von Schergen. Zu Beginn des Zuges dieses Wesens {ACTION_casts} es [icons,1984] Verzückung.",TERM:Creature->Kreatur,,
2702,"After this creature takes damage from an enemy's attack or spell, all other creatures with this trait {ACTION_attack} the enemy who afflicted that damage.","Nachdem diese Kreatur Schaden durch den Angriff oder Zauber eines Feindes erleidet, {ACTION_attack} alle anderen Kreaturen mit dieser Eigenschaft den Feind, der diesen Schaden verursacht hat.",TERM:Trait->Merkmal,,
2704,"After this creature takes damage from an enemy's attack or spell, all other creatures with this trait {ACTION_attack} the enemy who afflicted that damage 3 times. These attacks always deal critical damage and cannot be dodged.","Nachdem diese Kreatur Schaden durch den Angriff oder Zauber eines Feindes erleidet, {ACTION_attack} alle anderen Kreaturen mit dieser Eigenschaft den Feind, der diesen Schaden verursacht hat, 3 Mal. Diese Angriffe verursachen immer kritischen Schaden und können nicht ausgewichen werden.",TERM:Trait->Merkmal,,
2710,"This creature is immune to damage from attacks and spells. In addition, this creature is resistant to debuffs.",Dieses Wesen ist immun gegen Schaden durch Angriffe und Zauber. Außerdem ist dieses Wesen resistent gegen Schwächungseffekte.,TERM:Creature->Kreatur,,
2716,Enemies always have {CONDNAME_DEBUFF_SCORN}. This debuff switches back and forth with {CONDNAME_DEBUFF_SILENCE} at the start of this creature's turn. Enemies can only {ACTION_attack} and {ACTION_cast} spells 1 time per turn.,Feinde haben immer {CONDNAME_DEBUFF_SCORN}. Dieser Debuff wechselt zu Beginn der Runde dieses Wesens zwischen {CONDNAME_DEBUFF_SCORN} und {CONDNAME_DEBUFF_SILENCE} hin und her. Feinde können nur 1 Mal pro Runde {ACTION_attack} und Zauber {ACTION_cast}.,TOKEN_MISMATCH; TERM:Creature->Kreatur,,
2730,"This creature can only take damage, lose stats, or be afflicted with debuffs while its allies are all dead. At the end of this creature's turn, it resurrects its allies.","Dieses Wesen kann nur Schaden nehmen, Werte verlieren oder mit Debuffs belegt werden, wenn alle seine Verbündeten tot sind. Am Ende des Zuges dieses Wesens werden seine Verbündeten wiederbelebt.",TERM:Creature->Kreatur,,
2732,"If all the creatures in your party are {RACE_Abomination}s, enemies always have {CONDNAME_DEBUFF_WEAK} and {CONDNAME_DEBUFF_VULNERABLE}, and take 50% more damage. This trait does not stack.","Wenn alle Kreaturen in deiner Gruppe {RACE_Abomination}s sind, haben Feinde immer {CONDNAME_DEBUFF_WEAK} und {CONDNAME_DEBUFF_VULNERABLE} und erleiden 50% mehr Schaden. Diese Eigenschaft ist nicht stapelbar.",TERM:Trait->Merkmal,,
2734,"At the start of battle, your {RACE_Alemental}s gain 2 random {SPELL_alcohol}s for each {RACE_Alemental} fighting on your side. This trait does not stack.","Zu Beginn des Kampfes erhalten deine {RACE_Alemental}e 2 zufällige {SPELL_alcohol}s für jedes {RACE_Alemental}, das auf deiner Seite kämpft. Diese Eigenschaft ist nicht stapelbar.",TERM:Trait->Merkmal,,
2736,"At the start of battle, your {RACE_Amaranth}s share 15% of their {STAT_defense} with each other. This trait does not stack.",Zu Beginn des Kampfes teilen deine {RACE_Amaranth}s 15% ihrer {STAT_defense} miteinander. Diese Eigenschaft ist nicht stapelbar.,TERM:Trait->Merkmal,,
2738,"If all the creatures in your party are {RACE_Amphisbaena}s, their innate traits' respective effects activate 1 additional time. This trait does not stack.","Wenn alle Kreaturen in deiner Gruppe {RACE_Amphisbaena}s sind, aktivieren sich die jeweiligen Effekte ihrer angeborenen Eigenschaften 1 zusätzliches Mal. Diese Eigenschaft ist nicht stapelbar.",TERM:Trait->Merkmal; TERM:Traits->Merkmale,,
2740,Your {RACE_Angel}s' attacks apply all the debuffs that your other {RACE_Angel}s' innate traits apply as well.,"Die Angriffe deiner {RACE_Angel} wenden alle Debuffs an, die auch die angeborenen Eigenschaften deiner anderen {RACE_Angel} anwenden.",TERM:Traits->Merkmale,,
2742,"At the start of battle, your {RACE_Apis}es gain the Long Live trait.",Zu Beginn des Kampfes erhalten deine {RACE_Apis} die Eigenschaft Langes Leben.,TERM:Trait->Merkmal,,
2744,Your {RACE_Apocalypse}s act as if they take 1 additional turn. This trait does not stack.,"Deine {RACE_Apocalypse}s handeln, als würden sie 1 zusätzlichen Zug erhalten. Diese Eigenschaft ist nicht stapelbar.",TERM:Trait->Merkmal,,
2746,Enemies take 20% more damage from {CONDNAME_DEBUFF_POISON} for each {RACE_Arachnalisk} fighting on your side. This trait does not stack.,"Feinde erleiden 20% mehr Schaden durch {CONDNAME_DEBUFF_POISON} für jeden {RACE_Arachnalisk}, der auf deiner Seite kämpft. Diese Eigenschaft ist nicht stapelbar.",TERM:Trait->Merkmal,,
2748,"Your {RACE_Aspect}s have another 50% independent chance to dodge attacks. In addition, your {RACE_Aspect}s take 25% less damage from all sources. This trait does not stack.","Deine {RACE_Aspect}e haben eine zusätzliche 50% unabhängige Chance, Angriffen auszuweichen. Außerdem erleiden deine {RACE_Aspect}e 25% weniger Schaden aus allen Quellen. Diese Eigenschaft ist nicht stapelbar.",TERM:Trait->Merkmal,,
2750,Your {RACE_Asura}s' on-critical effects activate 2 additional times. This trait does not stack.,Deine {RACE_Asura}s' Effekte bei kritischen Treffern werden 2 zusätzliche Male aktiviert. Diese Eigenschaft ist nicht stapelbar.,TERM:Trait->Merkmal,,
2752,"If all the creatures in your party are {RACE_Automaton}s, the strength of their innate traits is doubled. This trait does not stack.","Wenn alle Kreaturen in deiner Gruppe {RACE_Automaton}en sind, wird die Stärke ihrer angeborenen Eigenschaften verdoppelt. Diese Eigenschaft ist nicht stapelbar.",TERM:Trait->Merkmal; TERM:Traits->Merkmale,,
2756,"If all the creatures in your party are {RACE_Bard}s, their Song traits are 100% more effective and they have an independent 50% chance to deal critical damage. This trait does not stack.","Wenn alle Kreaturen in deiner Gruppe {RACE_Bard}s sind, sind ihre Lied-Eigenschaften 100% effektiver und sie haben eine unabhängige 50% Chance, kritischen Schaden zu verursachen. Diese Eigenschaft ist nicht stapelbar.",TERM:Trait->Merkmal; TERM:Traits->Merkmale,,
2758,"If all the creatures in your party are {RACE_Basilisk}s, they have a 20% chance to avoid damage. In addition, their innate traits have a 25% chance to activate even if they took damage between their turns. This trait does not stack.","Wenn alle Kreaturen in deiner Gruppe {RACE_Basilisk}en sind, haben sie eine 20% Chance, Schaden zu vermeiden. Zusätzlich haben ihre angeborenen Eigenschaften eine 25% Chance zu aktivieren, selbst wenn sie zwischen ihren Zügen Schaden erlitten haben. Diese Eigenschaft ist nicht stapelbar.",TERM:Trait->Merkmal; TERM:Traits->Merkmale,,
2760,Your {RACE_Bat}s have a 50% chance to {ACTION_attack} 1 additional time. This effect can occur repeatedly. This trait does not stack.,"Deine {RACE_Bat}s haben eine 50% Chance, 1 zusätzliches Mal zu {ACTION_attack}. Dieser Effekt kann wiederholt auftreten. Diese Eigenschaft ist nicht stapelbar.",TERM:Trait->Merkmal,,
2764,Your {RACE_Brownie}s {ACTION_attack} 1 additional time for each {RACE_Brownie} fighting on your side. Your creatures deal 25% less damage. This trait does not stack.,"Deine {RACE_Brownie}s {ACTION_attack} 1 zusätzliches Mal für jeden {RACE_Brownie}, der an deiner Seite kämpft. Deine Kreaturen verursachen 25% weniger Schaden. Diese Eigenschaft ist nicht stapelbar.",TERM:Trait->Merkmal,,
2766,"If all the creatures in your party are {RACE_Carbuncle}s, their innate traits grow stronger twice as fast. This trait does not stack.","Wenn alle Kreaturen in deiner Gruppe {RACE_Carbuncle}s sind, werden ihre angeborenen Eigenschaften doppelt so schnell stärker. Diese Eigenschaft ist nicht stapelbar.",TERM:Trait->Merkmal; TERM:Traits->Merkmale,,
2768,"After one of your {RACE_Carnage}s kill an enemy, your other {RACE_Carnage}s {ACTION_attack} a random enemy for 100% more damage. This trait does not stack.","Nachdem einer deiner {RACE_Carnage}s einen Feind tötet, {ACTION_attack} deine anderen {RACE_Carnage}s einen zufälligen Feind mit 100% mehr Schaden. Diese Eigenschaft ist nicht stapelbar.",TERM:Trait->Merkmal,,
2772,Your {RACE_Centaur}s' attacks deal 20% more damage and have an independent 10% chance to deal critical damage for each {RACE_Centaur} fighting on your side. This trait does not stack.,"Deine {RACE_Centaur}s verursachen 20% mehr Schaden und haben eine unabhängige Chance von 10%, kritischen Schaden zu verursachen, für jeden {RACE_Centaur}, der auf deiner Seite kämpft. Diese Eigenschaft ist nicht stapelbar.",TERM:Trait->Merkmal,,
2780,"If all the creatures in your party are {RACE_Concoction}s, they have a 50% chance to {ACTION_attack} each enemy with {CONDNAME_DEBUFF_DISARMED} at the start of their turns. This trait does not stack.","Wenn alle Kreaturen in deiner Gruppe {RACE_Concoction}s sind, haben sie eine 50% Chance, jeden Feind mit {CONDNAME_DEBUFF_DISARMED} zu {ACTION_attack}, wenn ihr Zug beginnt. Diese Eigenschaft ist nicht stapelbar.",TERM:Trait->Merkmal,,
2782,"If all the creatures in your party are {RACE_Cruncher}s, they deal 10% more damage for each Sealed enemy Spell Gem. This trait does not stack.","Wenn alle Kreaturen in deiner Gruppe {RACE_Cruncher} sind, verursachen sie 10% mehr Schaden für jede versiegelte feindliche Zauberperle. Diese Eigenschaft ist nicht stapelbar.",TERM:Trait->Merkmal; TERM:Spell Gem->Zauberstein,,
2784,Your {RACE_Construct}s' {SPELL_equipment}s are 70% more potent. This trait does not stack.,Deine {RACE_Construct}s' {SPELL_equipment}s sind 70% wirksamer. Diese Eigenschaft ist nicht stapelbar.,TERM:Trait->Merkmal,,
2788,"At the start of battle, your {RACE_Demigod}s' stats are averaged and then increased by 25%. This trait does not stack.",Zu Beginn des Kampfes werden die Werte deiner {RACE_Demigod}s gemittelt und dann um 25% erhöht. Diese Eigenschaft ist nicht stapelbar.,TERM:Trait->Merkmal,,
2790,Increases the additional damage granted by your {RACE_Devil}s' innate traits from 200% to 300%.,"Erhöht den zusätzlichen Schaden, der durch die angeborenen Eigenschaften deiner {RACE_Devil}s gewährt wird, von 200% auf 300%.",TERM:Traits->Merkmale,,
2794,Your {RACE_Djinn}s' spells always deal critical damage and have 40% more potency. This trait does not stack.,Deine {RACE_Djinn}-Zauber verursachen immer kritischen Schaden und haben 40% mehr Wirksamkeit. Diese Eigenschaft ist nicht stapelbar.,TERM:Trait->Merkmal,,
2796,Your creatures deal 15% more damage for each {RACE_Doom Fortress} fighting on your side. This trait does not stack.,"Deine Kreaturen verursachen 15% mehr Schaden für jede {RACE_Doom Fortress}, die auf deiner Seite kämpft. Diese Eigenschaft ist nicht stapelbar.",TERM:Trait->Merkmal,,
2798,"Your {RACE_Doomguard}s have a 20% chance to avoid damage, or 50% if they are {ACTION_defending} or {ACTION_provoking}. This trait does not stack.","Deine {RACE_Doomguard}s haben eine 20% Chance, Schaden zu vermeiden, oder 50%, wenn sie {ACTION_defending} oder {ACTION_provoking} sind. Diese Eigenschaft ist nicht stapelbar.",TERM:Trait->Merkmal,,
2800,Your {RACE_Dragon}s' innate traits activate 1 additional time. This trait does not stack.,Deine {RACE_Dragon}s' angeborene Eigenschaften aktivieren sich 1 zusätzliches Mal. Diese Eigenschaft ist nicht stapelbar.,TERM:Trait->Merkmal; TERM:Traits->Merkmale,,
2806,"When your creatures afflict enemies with {CONDNAME_DEBUFF_BURNED}, the potency of this debuff is increased by 50% for each {RACE_Efreet} fighting on your side. This trait does not stack.","Wenn deine Kreaturen Feinde mit {CONDNAME_DEBUFF_BURNED} belegen, wird die Wirksamkeit dieses Debuffs um 50% für jeden {RACE_Efreet} erhöht, der auf deiner Seite kämpft. Diese Eigenschaft ist nicht stapelbar.",TERM:Trait->Merkmal,,
2808,"If all the creatures in your party are {RACE_Eft}s, they have an independent 40% chance to dodge and deal critical damage. This trait does not stack.","Wenn alle Kreaturen in deiner Gruppe {RACE_Eft}s sind, haben sie eine unabhängige 40% Chance, auszuweichen und kritischen Schaden zu verursachen. Diese Eigenschaft ist nicht stapelbar.",TERM:Trait->Merkmal,,
2810,"At the start of battle, your {RACE_Elf} creatures share 5% of their stats with each other. This trait does not stack.",Zu Beginn des Kampfes teilen deine {RACE_Elf}-Kreaturen 5% ihrer Werte miteinander. Diese Eigenschaft ist nicht stapelbar.,TERM:Trait->Merkmal,,
2814,Your {RACE_Familiar}s have 10% more {STAT_intelligence} for each time your {RACE_Familiar}s have {ACTION_cast} a spell in the current battle. This trait does not stack.,"Deine {RACE_Familiar} haben 10% mehr {STAT_intelligence} für jedes Mal, wenn deine {RACE_Familiar} einen Zauber im aktuellen Kampf {ACTION_cast} haben. Diese Eigenschaft ist nicht stapelbar.",TERM:Trait->Merkmal,,
2816,Your {RACE_Fiend}s with {CONDNAME_BUFF_BERSERK} have a 40% chance to avoid damage. This trait does not stack.,"Deine {RACE_Fiend}s mit {CONDNAME_BUFF_BERSERK} haben eine 40% Chance, Schaden zu vermeiden. Diese Eigenschaft ist nicht stapelbar.",TERM:Trait->Merkmal,,
2818,"If all the creatures in your party are {RACE_Forsaken}, their innate traits have no downside.","Wenn alle Kreaturen in deiner Gruppe {RACE_Forsaken} sind, haben ihre angeborenen Eigenschaften keine Nachteile.",TERM:Traits->Merkmale,,
2820,Your {RACE_Gargantuan}s have a 50% chance to avoid damage while they're {ACTION_defending} or {ACTION_provoking}. This trait does not stack.,"Deine {RACE_Gargantuan}s haben eine 50% Chance, Schaden zu vermeiden, während sie {ACTION_defending} oder {ACTION_provoking} sind. Diese Eigenschaft ist nicht stapelbar.",TERM:Trait->Merkmal,,
2822,"After your {RACE_Gargoyle}s {ACTION_cast} a {CLASS_Chaos} spell, your {RACE_Gargoyle}s gain 20% {ACTION_attack}. This trait does not stack.","Nachdem deine {RACE_Gargoyle}s einen {CLASS_Chaos}-Zauber {ACTION_cast}, erhalten deine {RACE_Gargoyle}s 20% {ACTION_attack}. Diese Eigenschaft ist nicht stapelbar.",TERM:Trait->Merkmal,,
2824,"If all the creatures in your party are {RACE_Gemling}s, they can equip Spell Gems from any class.","Wenn alle Kreaturen in deiner Gruppe {RACE_Gemling}s sind, können sie Zauberedelsteine jeder Klasse ausrüsten.",TERM:Spell Gems->Zaubersteine,,
2826,Your {RACE_Ghoul}s deal additional damage with attacks and spells equal to 15% of their {STAT_speed} for each {RACE_Ghoul} fighting on your side. This trait does not stack.,"Deine {RACE_Ghoul}s verursachen zusätzlichen Schaden mit Angriffen und Zaubern in Höhe von 15% ihres {STAT_speed} für jeden {RACE_Ghoul}, der auf deiner Seite kämpft. Diese Eigenschaft ist nicht stapelbar.",TERM:Trait->Merkmal,,
2828,Your {RACE_Giant}s start battles with 30% more {STAT_health} for each {RACE_Giant} fighting on your side. This trait does not stack.,"Deine {RACE_Giant}s beginnen Kämpfe mit 30% mehr {STAT_health} für jeden {RACE_Giant}, der auf deiner Seite kämpft. Diese Eigenschaft ist nicht stapelbar.",TERM:Trait->Merkmal,,
2830,"At the start of battle, your {RACE_Golem}s gain the Triple Take trait. If they already have this trait, they gain the Chip Off The Block trait instead.","Zu Beginn des Kampfes erhalten deine {RACE_Golem}s die Eigenschaft Dreifacher Angriff. Falls sie diese Eigenschaft bereits besitzen, erhalten sie stattdessen die Eigenschaft Vom gleichen Schlag.",TERM:Trait->Merkmal,,
2832,Your {RACE_Gorgon}s deal 35% more damage to enemies with {CONDNAME_DEBUFF_STONE} for each {RACE_Gorgon} fighting on your side. This trait does not stack.,"Deine {RACE_Gorgon}en verursachen 35% mehr Schaden an Gegnern mit {CONDNAME_DEBUFF_STONE} für jede {RACE_Gorgon}e, die an deiner Seite kämpft. Diese Eigenschaft ist nicht stapelbar.",TERM:Trait->Merkmal,,
2834,Your {RACE_Griffon}s' on-attack and on-critical effects occur 1 additional time. This trait does not stack.,Deine {RACE_Griffon}s' Effekte bei Angriff und bei kritischen Treffern treten 1 zusätzliches Mal auf. Diese Eigenschaft ist nicht stapelbar.,TERM:Trait->Merkmal,,
2836,"Your {RACE_Grimoire}s are immune to {CONDNAME_DEBUFF_SILENCE}. In addition, their Spell Gems do not consume {STAT_charges}.",Deine {RACE_Grimoire}s sind immun gegen {CONDNAME_DEBUFF_SILENCE}. Zusätzlich verbrauchen ihre Zauberedelsteine keine {STAT_charges}.,TERM:Spell Gems->Zaubersteine,,
2838,"After an enemy {ACTION_attacks}, your {RACE_Harpy} creatures {ACTION_attack} a random enemy for 20% normal damage. This trait does not stack.","Nachdem ein Feind {ACTION_attacks}, greifen deine {RACE_Harpy}-Kreaturen einen zufälligen Feind mit 20% des normalen Schadens an {ACTION_attack}. Diese Eigenschaft ist nicht stapelbar.",TERM:Trait->Merkmal,,
2840,"If all the creatures in your party are {RACE_Hemomancer}s, their on-attack and when-attacked effects activate 1 additional time. This trait does not stack.","Wenn alle Kreaturen in deiner Gruppe {RACE_Hemomancer}s sind, werden ihre Angriffs- und Wenn-Angegriffen-Effekte 1 zusätzliches Mal aktiviert. Diese Eigenschaft ist nicht stapelbar.",TERM:Trait->Merkmal,,
2844,Your {RACE_Hunter}s' innate traits repeat twice as many times. This trait does not stack.,Deine {RACE_Hunter} angeborenen Eigenschaften wiederholen sich doppelt so oft. Diese Eigenschaft ist nicht stapelbar.,TERM:Trait->Merkmal; TERM:Traits->Merkmale,,
2846,Your {RACE_Imler}s and {RACE_Imling}s deal 20% more damage for each {RACE_Imler} and {RACE_Imling} fighting on your side. This trait does not stack.,"Deine {RACE_Imler} und {RACE_Imling} verursachen 20% mehr Schaden für jeden {RACE_Imler} und {RACE_Imling}, der an deiner Seite kämpft. Diese Eigenschaft ist nicht stapelbar.",TERM:Trait->Merkmal,,
2848,Your {RACE_Imler}s and {RACE_Imling}s take 5% less damage for each {RACE_Imler} and {RACE_Imling} fighting on your side. This trait does not stack.,"Deine {RACE_Imler} und {RACE_Imling} erleiden 5% weniger Schaden für jeden {RACE_Imler} und {RACE_Imling}, der an deiner Seite kämpft. Diese Eigenschaft ist nicht stapelbar.",TERM:Trait->Merkmal,,
2850,"At the start of battle, your {RACE_Imp}s gain [icons,1976]Shellbust. Your {RACE_Imp}s' [icons,1976]Shellbust now targets all enemies. This trait does not stack.","Zu Beginn des Kampfes erhalten deine {RACE_Imp}s [icons,1976]Panzerbrechend. Das [icons,1976]Panzerbrechend deiner {RACE_Imp}s zielt jetzt auf alle Feinde. Diese Eigenschaft ist nicht stapelbar.",TERM:Trait->Merkmal,,
2852,"If all the creatures in your party are {RACE_Inquisitor}s, they gain a random minion at the start of their turns. This trait does not stack.","Wenn alle Kreaturen in deiner Gruppe {RACE_Inquisitor}s sind, erhalten sie zu Beginn ihrer Runden einen zufälligen Diener. Diese Eigenschaft ist nicht stapelbar.",TERM:Trait->Merkmal,,
2854,Your {RACE_Koloss}es start battles with 20% more Current and Maximum {STAT_health} for each {RACE_Koloss} fighting on your side. This trait does not stack.,"Deine {RACE_Koloss}e beginnen Kämpfe mit 20% mehr aktuellem und maximalem {STAT_health} für jeden {RACE_Koloss}, der auf deiner Seite kämpft. Diese Eigenschaft ist nicht stapelbar.",TERM:Trait->Merkmal,,
2856,"If all the creatures in your party are {RACE_Leech}es, their {CONDNAME_BUFF_LEECH} buff lasts forever and heals for 300% more. This trait does not stack.","Wenn alle Kreaturen in deiner Gruppe {RACE_Leech}s sind, hält ihr {CONDNAME_BUFF_LEECH}-Buff ewig an und heilt um 300% mehr. Diese Eigenschaft ist nicht stapelbar.",TERM:Trait->Merkmal,,
2858,"If all the creatures in your party are {RACE_Leper}s, they afflict an additional debuff on enemies when they afflict them with a debuff. This trait does not stack.","Wenn alle Kreaturen in deiner Gruppe {RACE_Leper}s sind, fügen sie Feinden einen zusätzlichen Debuff zu, wenn sie ihnen einen Debuff zufügen. Diese Eigenschaft ist nicht stapelbar.",TERM:Trait->Merkmal,,
2860,"After your {RACE_Lich}es {ACTION_cast} a {CLASS_Death} spell, they gain 10% {STAT_intelligence}. This trait does not stack.","Nachdem deine {RACE_Lich}e einen {CLASS_Death}-Zauber {ACTION_cast}, erhalten sie 10% {STAT_intelligence}. Diese Eigenschaft ist nicht stapelbar.",TERM:Trait->Merkmal,,
2862,Your {RACE_Maniac}s start battles with 25% more {STAT_health} and 10% less {STAT_defense} for each {RACE_Maniac} fighting on your side. This trait does not stack.,"Deine {RACE_Maniac}s beginnen Kämpfe mit 25% mehr {STAT_health} und 10% weniger {STAT_defense} für jeden {RACE_Maniac}, der auf deiner Seite kämpft. Diese Eigenschaft ist nicht stapelbar.",TERM:Trait->Merkmal,,
2864,Enemies have 5% less {STAT_attack} and your creatures have 15% more {STAT_attack} and {STAT_defense} for each {RACE_Manticore} fighting on your side. This trait does not stack.,"Feinde haben 5% weniger {STAT_attack} und deine Kreaturen haben 15% mehr {STAT_attack} und {STAT_defense} für jeden {RACE_Manticore}, der auf deiner Seite kämpft. Diese Eigenschaft ist nicht stapelbar.",TERM:Trait->Merkmal,,
2866,"If all the creatures in your party are {RACE_Masochist}s, they are resistant to debuffs and take 30% less damage from all sources. This trait does not stack.","Wenn alle Kreaturen in deiner Gruppe {RACE_Masochist}en sind, sind sie resistent gegen Debuffs und erleiden 30% weniger Schaden aus allen Quellen. Diese Eigenschaft ist nicht stapelbar.",TERM:Trait->Merkmal,,
2868,"If all the creatures in your party are {RACE_Mimic}s, they each have a 25% chance to start battles at the top of the {TIMELINE}. This trait does not stack.","Wenn alle Kreaturen in deiner Gruppe {RACE_Mimic}s sind, hat jede eine Chance von 25%, Kämpfe an der Spitze der {TIMELINE} zu beginnen. Diese Eigenschaft ist nicht stapelbar.",TERM:Trait->Merkmal,,
